0 verbose cli C:\Program Files\nodejs\node.exe C:\Program Files\nodejs\node_modules\npm\bin\npm-cli.js
1 info using npm@11.13.0
2 info using node@v24.17.0
3 silly config load:file:C:\Program Files\nodejs\node_modules\npm\npmrc
4 silly config load:file:C:\Users\ADMIN\Documents\Codex\2026-08-30\files-pasted-by-the-user-build-2\.npmrc
5 silly config load:file:C:\Users\ADMIN\.npmrc
6 silly config load:file:C:\Users\ADMIN\AppData\Roaming\npm\etc\npmrc
7 verbose title npm install
8 verbose argv "install"
9 verbose logfile logs-max:10 dir:C:\Users\ADMIN\Documents\Codex\2026-08-30\files-pasted-by-the-user-build-2\.npm-cache\_logs\2026-08-30T09_55_14_244Z-
10 verbose logfile C:\Users\ADMIN\Documents\Codex\2026-08-30\files-pasted-by-the-user-build-2\.npm-cache\_logs\2026-08-30T09_55_14_244Z-debug-0.log
11 silly logfile done cleaning log files
12 silly packumentCache heap:4496293888 maxSize:1124073472 maxEntrySize:562036736
13 silly idealTree buildDeps
14 silly fetch manifest @turf/turf@^7.2.0
15 silly packumentCache full:https://registry.npmjs.org/@turf%2fturf cache-miss
16 http fetch GET 200 https://registry.npmjs.org/npm 110ms
17 http fetch GET 200 https://registry.npmjs.org/@turf%2fturf 837ms (cache miss)
18 silly packumentCache full:https://registry.npmjs.org/@turf%2fturf set size:undefined disposed:false
19 silly fetch manifest leaflet@^1.9.4
20 silly packumentCache full:https://registry.npmjs.org/leaflet cache-miss
21 http fetch GET 200 https://registry.npmjs.org/leaflet 31ms (cache miss)
22 silly packumentCache full:https://registry.npmjs.org/leaflet set size:undefined disposed:false
23 silly fetch manifest next@^14.2.0
24 silly packumentCache full:https://registry.npmjs.org/next cache-miss
25 http fetch GET 200 https://registry.npmjs.org/next 574ms (cache miss)
26 silly packumentCache full:https://registry.npmjs.org/next set size:undefined disposed:false
27 silly fetch manifest @opentelemetry/api@^1.1.0
28 silly packumentCache full:https://registry.npmjs.org/@opentelemetry%2fapi cache-miss
29 http fetch GET 200 https://registry.npmjs.org/@opentelemetry%2fapi 37ms (cache miss)
30 silly packumentCache full:https://registry.npmjs.org/@opentelemetry%2fapi set size:undefined disposed:false
31 silly fetch manifest @playwright/test@^1.41.2
32 silly packumentCache full:https://registry.npmjs.org/@playwright%2ftest cache-miss
33 http fetch GET 200 https://registry.npmjs.org/@playwright%2ftest 380ms (cache miss)
34 silly packumentCache full:https://registry.npmjs.org/@playwright%2ftest set size:undefined disposed:false
35 silly fetch manifest react@^18.3.1
36 silly packumentCache full:https://registry.npmjs.org/react cache-miss
37 http fetch GET 200 https://registry.npmjs.org/react 334ms (cache miss)
38 silly packumentCache full:https://registry.npmjs.org/react set size:undefined disposed:false
39 silly fetch manifest react-dom@^18.3.1
40 silly packumentCache full:https://registry.npmjs.org/react-dom cache-miss
41 http fetch GET 200 https://registry.npmjs.org/react-dom 346ms (cache miss)
42 silly packumentCache full:https://registry.npmjs.org/react-dom set size:undefined disposed:false
43 silly fetch manifest sass@^1.3.0
44 silly packumentCache full:https://registry.npmjs.org/sass cache-miss
45 http fetch GET 200 https://registry.npmjs.org/sass 56ms (cache miss)
46 silly packumentCache full:https://registry.npmjs.org/sass set size:undefined disposed:false
47 silly fetch manifest react-leaflet@^4.2.1
48 silly packumentCache full:https://registry.npmjs.org/react-leaflet cache-miss
49 http fetch GET 200 https://registry.npmjs.org/react-leaflet 45ms (cache miss)
50 silly packumentCache full:https://registry.npmjs.org/react-leaflet set size:undefined disposed:false
51 silly fetch manifest recharts@^2.12.7
52 silly packumentCache full:https://registry.npmjs.org/recharts cache-miss
53 http fetch GET 200 https://registry.npmjs.org/recharts 48ms (cache miss)
54 silly packumentCache full:https://registry.npmjs.org/recharts set size:undefined disposed:false
55 silly fetch manifest @types/leaflet@^1.9.12
56 silly packumentCache full:https://registry.npmjs.org/@types%2fleaflet cache-miss
57 http fetch GET 200 https://registry.npmjs.org/@types%2fleaflet 54ms (cache miss)
58 silly packumentCache full:https://registry.npmjs.org/@types%2fleaflet set size:undefined disposed:false
59 silly fetch manifest @types/node@^20.14.10
60 silly packumentCache full:https://registry.npmjs.org/@types%2fnode cache-miss
61 http fetch GET 200 https://registry.npmjs.org/@types%2fnode 326ms (cache miss)
62 silly packumentCache full:https://registry.npmjs.org/@types%2fnode set size:undefined disposed:false
63 silly fetch manifest @types/react@^18.3.3
64 silly packumentCache full:https://registry.npmjs.org/@types%2freact cache-miss
65 http fetch GET 200 https://registry.npmjs.org/@types%2freact 114ms (cache miss)
66 silly packumentCache full:https://registry.npmjs.org/@types%2freact set size:undefined disposed:false
67 silly fetch manifest @types/react-dom@^18.3.0
68 silly packumentCache full:https://registry.npmjs.org/@types%2freact-dom cache-miss
69 http fetch GET 200 https://registry.npmjs.org/@types%2freact-dom 39ms (cache miss)
70 silly packumentCache full:https://registry.npmjs.org/@types%2freact-dom set size:undefined disposed:false
71 silly fetch manifest autoprefixer@^10.4.19
72 silly packumentCache full:https://registry.npmjs.org/autoprefixer cache-miss
73 http fetch GET 200 https://registry.npmjs.org/autoprefixer 46ms (cache miss)
74 silly packumentCache full:https://registry.npmjs.org/autoprefixer set size:undefined disposed:false
75 silly fetch manifest postcss@^8.4.40
76 silly packumentCache full:https://registry.npmjs.org/postcss cache-miss
77 http fetch GET 200 https://registry.npmjs.org/postcss 42ms (cache miss)
78 silly packumentCache full:https://registry.npmjs.org/postcss set size:undefined disposed:false
79 silly fetch manifest tailwindcss@^3.4.7
80 silly packumentCache full:https://registry.npmjs.org/tailwindcss cache-miss
81 http fetch GET 200 https://registry.npmjs.org/tailwindcss 331ms (cache miss)
82 silly packumentCache full:https://registry.npmjs.org/tailwindcss set size:undefined disposed:false
83 silly fetch manifest tsx@^4.16.2
84 silly packumentCache full:https://registry.npmjs.org/tsx cache-miss
85 http fetch GET 200 https://registry.npmjs.org/tsx 33ms (cache miss)
86 silly packumentCache full:https://registry.npmjs.org/tsx set size:undefined disposed:false
87 silly fetch manifest typescript@^5.5.4
88 silly packumentCache full:https://registry.npmjs.org/typescript cache-miss
89 http fetch GET 200 https://registry.npmjs.org/typescript 490ms (cache miss)
90 silly packumentCache full:https://registry.npmjs.org/typescript set size:undefined disposed:false
91 silly placeDep ROOT @turf/turf@7.4.0 OK for: raksha-zone@0.1.0 want: ^7.2.0
92 silly placeDep ROOT @types/leaflet@1.9.22 OK for: raksha-zone@0.1.0 want: ^1.9.12
93 silly placeDep ROOT @types/node@20.19.43 OK for: raksha-zone@0.1.0 want: ^20.14.10
94 silly placeDep ROOT @types/react@18.3.31 OK for: raksha-zone@0.1.0 want: ^18.3.3
95 silly placeDep ROOT @types/react-dom@18.3.7 OK for: raksha-zone@0.1.0 want: ^18.3.0
96 silly placeDep ROOT autoprefixer@10.5.4 OK for: raksha-zone@0.1.0 want: ^10.4.19
97 silly placeDep ROOT postcss@8.5.26 OK for: autoprefixer@10.5.4 want: ^8.1.0
98 silly placeDep ROOT leaflet@1.9.4 OK for: raksha-zone@0.1.0 want: ^1.9.4
99 silly placeDep ROOT next@14.2.35 OK for: raksha-zone@0.1.0 want: ^14.2.0
100 silly placeDep ROOT react@18.3.1 OK for: next@14.2.35 want: ^18.2.0
101 silly placeDep ROOT react-dom@18.3.1 OK for: next@14.2.35 want: ^18.2.0
102 silly placeDep ROOT react-leaflet@4.2.1 OK for: raksha-zone@0.1.0 want: ^4.2.1
103 silly placeDep ROOT recharts@2.15.4 OK for: raksha-zone@0.1.0 want: ^2.12.7
104 silly placeDep ROOT tailwindcss@3.4.19 OK for: raksha-zone@0.1.0 want: ^3.4.7
105 silly placeDep ROOT tsx@4.23.13 OK for: raksha-zone@0.1.0 want: ^4.16.2
106 silly placeDep ROOT typescript@5.9.3 OK for: raksha-zone@0.1.0 want: ^5.5.4
107 silly fetch manifest tslib@^2.8.1
108 silly packumentCache full:https://registry.npmjs.org/tslib cache-miss
109 silly fetch manifest @turf/tag@7.4.0
110 silly packumentCache full:https://registry.npmjs.org/@turf%2ftag cache-miss
111 silly fetch manifest @turf/tin@7.4.0
112 silly packumentCache full:https://registry.npmjs.org/@turf%2ftin cache-miss
113 silly fetch manifest @turf/area@7.4.0
114 silly packumentCache full:https://registry.npmjs.org/@turf%2farea cache-miss
115 silly fetch manifest @turf/bbox@7.4.0
116 silly packumentCache full:https://registry.npmjs.org/@turf%2fbbox cache-miss
117 silly fetch manifest @turf/flip@7.4.0
118 silly packumentCache full:https://registry.npmjs.org/@turf%2fflip cache-miss
119 silly fetch manifest @turf/mask@7.4.0
120 silly packumentCache full:https://registry.npmjs.org/@turf%2fmask cache-miss
121 silly fetch manifest @turf/meta@7.4.0
122 silly packumentCache full:https://registry.npmjs.org/@turf%2fmeta cache-miss
123 silly fetch manifest @turf/along@7.4.0
124 silly packumentCache full:https://registry.npmjs.org/@turf%2falong cache-miss
125 silly fetch manifest @turf/angle@7.4.0
126 silly packumentCache full:https://registry.npmjs.org/@turf%2fangle cache-miss
127 silly fetch manifest @turf/clone@7.4.0
128 silly packumentCache full:https://registry.npmjs.org/@turf%2fclone cache-miss
129 http fetch GET 200 https://registry.npmjs.org/tslib 49ms (cache miss)
130 silly packumentCache full:https://registry.npmjs.org/tslib set size:undefined disposed:false
131 silly fetch manifest @turf/kinks@7.4.0
132 silly packumentCache full:https://registry.npmjs.org/@turf%2fkinks cache-miss
133 http fetch GET 200 https://registry.npmjs.org/@turf%2fangle 546ms (cache miss)
134 silly packumentCache full:https://registry.npmjs.org/@turf%2fangle set size:undefined disposed:false
135 silly fetch manifest @turf/union@7.4.0
136 silly packumentCache full:https://registry.npmjs.org/@turf%2funion cache-miss
137 http fetch GET 200 https://registry.npmjs.org/@turf%2fmask 689ms (cache miss)
138 silly packumentCache full:https://registry.npmjs.org/@turf%2fmask set size:undefined disposed:false
139 silly fetch manifest @turf/buffer@7.4.0
140 silly packumentCache full:https://registry.npmjs.org/@turf%2fbuffer cache-miss
141 http fetch GET 200 https://registry.npmjs.org/@turf%2ftin 695ms (cache miss)
142 silly packumentCache full:https://registry.npmjs.org/@turf%2ftin set size:undefined disposed:false
143 silly fetch manifest @turf/center@7.4.0
144 silly packumentCache full:https://registry.npmjs.org/@turf%2fcenter cache-miss
145 http fetch GET 200 https://registry.npmjs.org/@turf%2farea 697ms (cache miss)
146 silly packumentCache full:https://registry.npmjs.org/@turf%2farea set size:undefined disposed:false
147 silly fetch manifest @turf/circle@7.4.0
148 silly packumentCache full:https://registry.npmjs.org/@turf%2fcircle cache-miss
149 http fetch GET 200 https://registry.npmjs.org/@turf%2ftag 743ms (cache miss)
150 silly packumentCache full:https://registry.npmjs.org/@turf%2ftag set size:undefined disposed:false
151 silly fetch manifest @turf/convex@7.4.0
152 silly packumentCache full:https://registry.npmjs.org/@turf%2fconvex cache-miss
153 http fetch GET 200 https://registry.npmjs.org/@turf%2fbbox 761ms (cache miss)
154 silly packumentCache full:https://registry.npmjs.org/@turf%2fbbox set size:undefined disposed:false
155 silly fetch manifest @turf/length@7.4.0
156 silly packumentCache full:https://registry.npmjs.org/@turf%2flength cache-miss
157 http fetch GET 200 https://registry.npmjs.org/@turf%2fclone 787ms (cache miss)
158 silly packumentCache full:https://registry.npmjs.org/@turf%2fclone set size:undefined disposed:false
159 silly fetch manifest @turf/random@7.4.0
160 silly packumentCache full:https://registry.npmjs.org/@turf%2frandom cache-miss
161 http fetch GET 200 https://registry.npmjs.org/@turf%2fmeta 798ms (cache miss)
162 silly packumentCache full:https://registry.npmjs.org/@turf%2fmeta set size:undefined disposed:false
163 silly fetch manifest @turf/rewind@7.4.0
164 silly packumentCache full:https://registry.npmjs.org/@turf%2frewind cache-miss
165 http fetch GET 200 https://registry.npmjs.org/@turf%2falong 804ms (cache miss)
166 silly packumentCache full:https://registry.npmjs.org/@turf%2falong set size:undefined disposed:false
167 silly fetch manifest @turf/sample@7.4.0
168 silly packumentCache full:https://registry.npmjs.org/@turf%2fsample cache-miss
169 http fetch GET 200 https://registry.npmjs.org/@turf%2fkinks 1106ms (cache miss)
170 silly packumentCache full:https://registry.npmjs.org/@turf%2fkinks set size:undefined disposed:false
171 silly fetch manifest @turf/sector@7.4.0
172 silly packumentCache full:https://registry.npmjs.org/@turf%2fsector cache-miss
173 http fetch GET 200 https://registry.npmjs.org/@turf%2fcenter 503ms (cache miss)
174 silly packumentCache full:https://registry.npmjs.org/@turf%2fcenter set size:undefined disposed:false
175 silly fetch manifest @turf/square@7.4.0
176 silly packumentCache full:https://registry.npmjs.org/@turf%2fsquare cache-miss
177 http fetch GET 200 https://registry.npmjs.org/@turf%2funion 679ms (cache miss)
178 silly packumentCache full:https://registry.npmjs.org/@turf%2funion set size:undefined disposed:false
179 silly fetch manifest @turf/bearing@7.4.0
180 silly packumentCache full:https://registry.npmjs.org/@turf%2fbearing cache-miss
181 http fetch GET 200 https://registry.npmjs.org/@turf%2fconvex 499ms (cache miss)
182 silly packumentCache full:https://registry.npmjs.org/@turf%2fconvex set size:undefined disposed:false
183 silly fetch manifest @turf/collect@7.4.0
184 silly packumentCache full:https://registry.npmjs.org/@turf%2fcollect cache-miss
185 http fetch GET 200 https://registry.npmjs.org/@turf%2fflip 1324ms (cache miss)
186 silly packumentCache full:https://registry.npmjs.org/@turf%2fflip set size:undefined disposed:false
187 silly fetch manifest @turf/combine@7.4.0
188 silly packumentCache full:https://registry.npmjs.org/@turf%2fcombine cache-miss
189 http fetch GET 200 https://registry.npmjs.org/@turf%2fcircle 659ms (cache miss)
190 silly packumentCache full:https://registry.npmjs.org/@turf%2fcircle set size:undefined disposed:false
191 silly fetch manifest @turf/concave@7.4.0
192 silly packumentCache full:https://registry.npmjs.org/@turf%2fconcave cache-miss
193 http fetch GET 200 https://registry.npmjs.org/@turf%2fbuffer 681ms (cache miss)
194 silly packumentCache full:https://registry.npmjs.org/@turf%2fbuffer set size:undefined disposed:false
195 silly fetch manifest @turf/ellipse@7.4.0
196 silly packumentCache full:https://registry.npmjs.org/@turf%2fellipse cache-miss
197 http fetch GET 200 https://registry.npmjs.org/@turf%2frandom 626ms (cache miss)
198 silly packumentCache full:https://registry.npmjs.org/@turf%2frandom set size:undefined disposed:false
199 silly fetch manifest @turf/explode@7.4.0
200 silly packumentCache full:https://registry.npmjs.org/@turf%2fexplode cache-miss
201 http fetch GET 200 https://registry.npmjs.org/@turf%2frewind 684ms (cache miss)
202 silly packumentCache full:https://registry.npmjs.org/@turf%2frewind set size:undefined disposed:false
203 silly fetch manifest @turf/flatten@7.4.0
204 silly packumentCache full:https://registry.npmjs.org/@turf%2fflatten cache-miss
205 http fetch GET 200 https://registry.npmjs.org/@turf%2flength 736ms (cache miss)
206 silly packumentCache full:https://registry.npmjs.org/@turf%2flength set size:undefined disposed:false
207 silly fetch manifest @turf/helpers@7.4.0
208 silly packumentCache full:https://registry.npmjs.org/@turf%2fhelpers cache-miss
209 http fetch GET 200 https://registry.npmjs.org/@turf%2fsample 744ms (cache miss)
210 silly packumentCache full:https://registry.npmjs.org/@turf%2fsample set size:undefined disposed:false
211 silly fetch manifest @turf/voronoi@7.4.0
212 silly packumentCache full:https://registry.npmjs.org/@turf%2fvoronoi cache-miss
213 http fetch GET 200 https://registry.npmjs.org/@turf%2fsquare 530ms (cache miss)
214 silly packumentCache full:https://registry.npmjs.org/@turf%2fsquare set size:undefined disposed:false
215 silly fetch manifest @types/kdbush@^3.0.5
216 silly packumentCache full:https://registry.npmjs.org/@types%2fkdbush cache-miss
217 http fetch GET 200 https://registry.npmjs.org/@turf%2fsector 661ms (cache miss)
218 silly packumentCache full:https://registry.npmjs.org/@turf%2fsector set size:undefined disposed:false
219 silly fetch manifest @turf/centroid@7.4.0
220 silly packumentCache full:https://registry.npmjs.org/@turf%2fcentroid cache-miss
221 http fetch GET 200 https://registry.npmjs.org/@turf%2fbearing 673ms (cache miss)
222 silly packumentCache full:https://registry.npmjs.org/@turf%2fbearing set size:undefined disposed:false
223 silly fetch manifest @turf/clusters@7.4.0
224 silly packumentCache full:https://registry.npmjs.org/@turf%2fclusters cache-miss
225 http fetch GET 200 https://registry.npmjs.org/@turf%2fcollect 741ms (cache miss)
226 silly packumentCache full:https://registry.npmjs.org/@turf%2fcollect set size:undefined disposed:false
227 silly fetch manifest @turf/dissolve@7.4.0
228 silly packumentCache full:https://registry.npmjs.org/@turf%2fdissolve cache-miss
229 http fetch GET 200 https://registry.npmjs.org/@turf%2fhelpers 490ms (cache miss)
230 silly packumentCache full:https://registry.npmjs.org/@turf%2fhelpers set size:undefined disposed:false
231 silly fetch manifest @turf/distance@7.4.0
232 silly packumentCache full:https://registry.npmjs.org/@turf%2fdistance cache-miss
233 http fetch GET 200 https://registry.npmjs.org/@turf%2fvoronoi 518ms (cache miss)
234 silly packumentCache full:https://registry.npmjs.org/@turf%2fvoronoi set size:undefined disposed:false
235 silly fetch manifest @turf/envelope@7.4.0
236 silly packumentCache full:https://registry.npmjs.org/@turf%2fenvelope cache-miss
237 http fetch GET 200 https://registry.npmjs.org/@turf%2fcombine 747ms (cache miss)
238 silly packumentCache full:https://registry.npmjs.org/@turf%2fcombine set size:undefined disposed:false
239 silly fetch manifest @turf/hex-grid@7.4.0
240 silly packumentCache full:https://registry.npmjs.org/@turf%2fhex-grid cache-miss
241 http fetch GET 200 https://registry.npmjs.org/@turf%2fellipse 735ms (cache miss)
242 silly packumentCache full:https://registry.npmjs.org/@turf%2fellipse set size:undefined disposed:false
243 silly fetch manifest @turf/isobands@7.4.0
244 silly packumentCache full:https://registry.npmjs.org/@turf%2fisobands cache-miss
245 http fetch GET 200 https://registry.npmjs.org/@turf%2fconcave 755ms (cache miss)
246 silly packumentCache full:https://registry.npmjs.org/@turf%2fconcave set size:undefined disposed:false
247 silly fetch manifest @turf/isolines@7.4.0
248 silly packumentCache full:https://registry.npmjs.org/@turf%2fisolines cache-miss
249 http fetch GET 200 https://registry.npmjs.org/@turf%2fexplode 767ms (cache miss)
250 silly packumentCache full:https://registry.npmjs.org/@turf%2fexplode set size:undefined disposed:false
251 silly fetch manifest @turf/line-arc@7.4.0
252 silly packumentCache full:https://registry.npmjs.org/@turf%2fline-arc cache-miss
253 http fetch GET 200 https://registry.npmjs.org/@types%2fkdbush 503ms (cache miss)
254 silly packumentCache full:https://registry.npmjs.org/@types%2fkdbush set size:undefined disposed:false
255 silly fetch manifest @turf/midpoint@7.4.0
256 silly packumentCache full:https://registry.npmjs.org/@turf%2fmidpoint cache-miss
257 http fetch GET 200 https://registry.npmjs.org/@turf%2fflatten 757ms (cache miss)
258 silly packumentCache full:https://registry.npmjs.org/@turf%2fflatten set size:undefined disposed:false
259 silly fetch manifest @turf/simplify@7.4.0
260 silly packumentCache full:https://registry.npmjs.org/@turf%2fsimplify cache-miss
261 http fetch GET 200 https://registry.npmjs.org/@turf%2fcentroid 648ms (cache miss)
262 silly packumentCache full:https://registry.npmjs.org/@turf%2fcentroid set size:undefined disposed:false
263 silly fetch manifest @turf/truncate@7.4.0
264 silly packumentCache full:https://registry.npmjs.org/@turf%2ftruncate cache-miss
265 http fetch GET 200 https://registry.npmjs.org/@turf%2fclusters 644ms (cache miss)
266 silly packumentCache full:https://registry.npmjs.org/@turf%2fclusters set size:undefined disposed:false
267 silly fetch manifest @types/geojson@^7946.0.10
268 silly packumentCache full:https://registry.npmjs.org/@types%2fgeojson cache-miss
269 http fetch GET 200 https://registry.npmjs.org/@turf%2fenvelope 486ms (cache miss)
270 silly packumentCache full:https://registry.npmjs.org/@turf%2fenvelope set size:undefined disposed:false
271 silly fetch manifest @turf/bbox-clip@7.4.0
272 silly packumentCache full:https://registry.npmjs.org/@turf%2fbbox-clip cache-miss
273 http fetch GET 200 https://registry.npmjs.org/@types%2fgeojson 32ms (cache miss)
274 silly packumentCache full:https://registry.npmjs.org/@types%2fgeojson set size:undefined disposed:false
275 silly fetch manifest @turf/intersect@7.4.0
276 silly packumentCache full:https://registry.npmjs.org/@turf%2fintersect cache-miss
277 http fetch GET 200 https://registry.npmjs.org/@turf%2fisobands 509ms (cache miss)
278 silly packumentCache full:https://registry.npmjs.org/@turf%2fisobands set size:undefined disposed:false
279 silly fetch manifest @turf/invariant@7.4.0
280 silly packumentCache full:https://registry.npmjs.org/@turf%2finvariant cache-miss
281 http fetch GET 200 https://registry.npmjs.org/@turf%2fisolines 509ms (cache miss)
282 silly packumentCache full:https://registry.npmjs.org/@turf%2fisolines set size:undefined disposed:false
283 silly fetch manifest @turf/tesselate@7.4.0
284 silly packumentCache full:https://registry.npmjs.org/@turf%2ftesselate cache-miss
285 http fetch GET 200 https://registry.npmjs.org/@turf%2fdistance 731ms (cache miss)
286 silly packumentCache full:https://registry.npmjs.org/@turf%2fdistance set size:undefined disposed:false
287 silly fetch manifest @turf/difference@7.4.0
288 silly packumentCache full:https://registry.npmjs.org/@turf%2fdifference cache-miss
289 http fetch GET 200 https://registry.npmjs.org/@turf%2fdissolve 772ms (cache miss)
290 silly packumentCache full:https://registry.npmjs.org/@turf%2fdissolve set size:undefined disposed:false
291 silly fetch manifest @turf/line-chunk@7.4.0
292 silly packumentCache full:https://registry.npmjs.org/@turf%2fline-chunk cache-miss
293 http fetch GET 200 https://registry.npmjs.org/@turf%2fhex-grid 738ms (cache miss)
294 silly packumentCache full:https://registry.npmjs.org/@turf%2fhex-grid set size:undefined disposed:false
295 silly fetch manifest @turf/line-slice@7.4.0
296 silly packumentCache full:https://registry.npmjs.org/@turf%2fline-slice cache-miss
297 http fetch GET 200 https://registry.npmjs.org/@turf%2fmidpoint 646ms (cache miss)
298 silly packumentCache full:https://registry.npmjs.org/@turf%2fmidpoint set size:undefined disposed:false
299 silly fetch manifest @turf/line-split@7.4.0
300 silly packumentCache full:https://registry.npmjs.org/@turf%2fline-split cache-miss
301 http fetch GET 200 https://registry.npmjs.org/@turf%2fline-arc 720ms (cache miss)
302 silly packumentCache full:https://registry.npmjs.org/@turf%2fline-arc set size:undefined disposed:false
303 silly fetch manifest @turf/planepoint@7.4.0
304 silly packumentCache full:https://registry.npmjs.org/@turf%2fplanepoint cache-miss
305 http fetch GET 200 https://registry.npmjs.org/@turf%2ftruncate 488ms (cache miss)
306 silly packumentCache full:https://registry.npmjs.org/@turf%2ftruncate set size:undefined disposed:false
307 silly fetch manifest @turf/point-grid@7.4.0
308 silly packumentCache full:https://registry.npmjs.org/@turf%2fpoint-grid cache-miss
309 http fetch GET 200 https://registry.npmjs.org/@turf%2fsimplify 773ms (cache miss)
310 silly packumentCache full:https://registry.npmjs.org/@turf%2fsimplify set size:undefined disposed:false
311 silly fetch manifest @turf/polygonize@7.4.0
312 silly packumentCache full:https://registry.npmjs.org/@turf%2fpolygonize cache-miss
313 http fetch GET 200 https://registry.npmjs.org/@turf%2finvariant 502ms (cache miss)
314 silly packumentCache full:https://registry.npmjs.org/@turf%2finvariant set size:undefined disposed:false
315 silly fetch manifest @turf/projection@7.4.0
316 silly packumentCache full:https://registry.npmjs.org/@turf%2fprojection cache-miss
317 http fetch GET 200 https://registry.npmjs.org/@turf%2ftesselate 517ms (cache miss)
318 silly packumentCache full:https://registry.npmjs.org/@turf%2ftesselate set size:undefined disposed:false
319 silly fetch manifest @turf/center-mean@7.4.0
320 silly packumentCache full:https://registry.npmjs.org/@turf%2fcenter-mean cache-miss
321 http fetch GET 200 https://registry.npmjs.org/@turf%2fline-chunk 497ms (cache miss)
322 silly packumentCache full:https://registry.npmjs.org/@turf%2fline-chunk set size:undefined disposed:false
323 silly fetch manifest @turf/destination@7.4.0
324 silly packumentCache full:https://registry.npmjs.org/@turf%2fdestination cache-miss
325 http fetch GET 200 https://registry.npmjs.org/@turf%2fbbox-clip 743ms (cache miss)
326 silly packumentCache full:https://registry.npmjs.org/@turf%2fbbox-clip set size:undefined disposed:false
327 silly fetch manifest @turf/interpolate@7.4.0
328 silly packumentCache full:https://registry.npmjs.org/@turf%2finterpolate cache-miss
329 http fetch GET 200 https://registry.npmjs.org/@turf%2fintersect 752ms (cache miss)
330 silly packumentCache full:https://registry.npmjs.org/@turf%2fintersect set size:undefined disposed:false
331 silly fetch manifest @turf/line-offset@7.4.0
332 silly packumentCache full:https://registry.npmjs.org/@turf%2fline-offset cache-miss
333 http fetch GET 200 https://registry.npmjs.org/@turf%2fdifference 753ms (cache miss)
334 silly packumentCache full:https://registry.npmjs.org/@turf%2fdifference set size:undefined disposed:false
335 silly fetch manifest @turf/moran-index@7.4.0
336 silly packumentCache full:https://registry.npmjs.org/@turf%2fmoran-index cache-miss
337 http fetch GET 200 https://registry.npmjs.org/@turf%2fpoint-grid 522ms (cache miss)
338 silly packumentCache full:https://registry.npmjs.org/@turf%2fpoint-grid set size:undefined disposed:false
339 silly fetch manifest @turf/square-grid@7.4.0
340 silly packumentCache full:https://registry.npmjs.org/@turf%2fsquare-grid cache-miss
341 http fetch GET 200 https://registry.npmjs.org/@turf%2fline-slice 747ms (cache miss)
342 silly packumentCache full:https://registry.npmjs.org/@turf%2fline-slice set size:undefined disposed:false
343 silly fetch manifest @turf/bbox-polygon@7.4.0
344 silly packumentCache full:https://registry.npmjs.org/@turf%2fbbox-polygon cache-miss
345 http fetch GET 200 https://registry.npmjs.org/@turf%2fplanepoint 659ms (cache miss)
346 silly packumentCache full:https://registry.npmjs.org/@turf%2fplanepoint set size:undefined disposed:false
347 silly fetch manifest @turf/clean-coords@7.4.0
348 silly packumentCache full:https://registry.npmjs.org/@turf%2fclean-coords cache-miss
349 http fetch GET 200 https://registry.npmjs.org/@turf%2fpolygonize 658ms (cache miss)
350 silly packumentCache full:https://registry.npmjs.org/@turf%2fpolygonize set size:undefined disposed:false
351 silly fetch manifest @turf/great-circle@7.4.0
352 silly packumentCache full:https://registry.npmjs.org/@turf%2fgreat-circle cache-miss
353 http fetch GET 200 https://registry.npmjs.org/@turf%2fcenter-mean 651ms (cache miss)
354 silly packumentCache full:https://registry.npmjs.org/@turf%2fcenter-mean set size:undefined disposed:false
355 silly fetch manifest @turf/line-overlap@7.4.0
356 silly packumentCache full:https://registry.npmjs.org/@turf%2fline-overlap cache-miss
357 http fetch GET 200 https://registry.npmjs.org/@turf%2fprojection 723ms (cache miss)
358 silly packumentCache full:https://registry.npmjs.org/@turf%2fprojection set size:undefined disposed:false
359 silly fetch manifest @turf/line-segment@7.4.0
360 silly packumentCache full:https://registry.npmjs.org/@turf%2fline-segment cache-miss
361 http fetch GET 200 https://registry.npmjs.org/@turf%2fline-split 1080ms (cache miss)
362 silly packumentCache full:https://registry.npmjs.org/@turf%2fline-split set size:undefined disposed:false
363 silly fetch manifest @turf/bezier-spline@7.4.0
364 silly packumentCache full:https://registry.npmjs.org/@turf%2fbezier-spline cache-miss
365 http fetch GET 200 https://registry.npmjs.org/@turf%2fsquare-grid 501ms (cache miss)
366 silly packumentCache full:https://registry.npmjs.org/@turf%2fsquare-grid set size:undefined disposed:false
367 silly fetch manifest @turf/boolean-equal@7.4.0
368 silly packumentCache full:https://registry.npmjs.org/@turf%2fboolean-equal cache-miss
369 http fetch GET 200 https://registry.npmjs.org/@turf%2fdestination 728ms (cache miss)
370 silly packumentCache full:https://registry.npmjs.org/@turf%2fdestination set size:undefined disposed:false
371 silly fetch manifest @turf/boolean-valid@7.4.0
372 silly packumentCache full:https://registry.npmjs.org/@turf%2fboolean-valid cache-miss
373 http fetch GET 200 https://registry.npmjs.org/@turf%2finterpolate 729ms (cache miss)
374 silly packumentCache full:https://registry.npmjs.org/@turf%2finterpolate set size:undefined disposed:false
375 silly fetch manifest @turf/center-median@7.4.0
376 silly packumentCache full:https://registry.npmjs.org/@turf%2fcenter-median cache-miss
377 http fetch GET 200 https://registry.npmjs.org/@turf%2fline-offset 755ms (cache miss)
378 silly packumentCache full:https://registry.npmjs.org/@turf%2fline-offset set size:undefined disposed:false
379 silly fetch manifest @turf/geojson-rbush@7.4.0
380 silly packumentCache full:https://registry.npmjs.org/@turf%2fgeojson-rbush cache-miss
381 http fetch GET 200 https://registry.npmjs.org/@turf%2fclean-coords 652ms (cache miss)
382 silly packumentCache full:https://registry.npmjs.org/@turf%2fclean-coords set size:undefined disposed:false
383 silly fetch manifest @turf/nearest-point@7.4.0
384 silly packumentCache full:https://registry.npmjs.org/@turf%2fnearest-point cache-miss
385 http fetch GET 200 https://registry.npmjs.org/@turf%2fmoran-index 771ms (cache miss)
386 silly packumentCache full:https://registry.npmjs.org/@turf%2fmoran-index set size:undefined disposed:false
387 silly fetch manifest @turf/rhumb-bearing@7.4.0
388 silly packumentCache full:https://registry.npmjs.org/@turf%2frhumb-bearing cache-miss
389 http fetch GET 200 https://registry.npmjs.org/@turf%2fbbox-polygon 770ms (cache miss)
390 silly packumentCache full:https://registry.npmjs.org/@turf%2fbbox-polygon set size:undefined disposed:false
391 silly fetch manifest @turf/shortest-path@7.4.0
392 silly packumentCache full:https://registry.npmjs.org/@turf%2fshortest-path cache-miss
393 http fetch GET 200 https://registry.npmjs.org/@turf%2fgreat-circle 744ms (cache miss)
394 silly packumentCache full:https://registry.npmjs.org/@turf%2fgreat-circle set size:undefined disposed:false
395 silly fetch manifest @turf/triangle-grid@7.4.0
396 silly packumentCache full:https://registry.npmjs.org/@turf%2ftriangle-grid cache-miss
397 http fetch GET 200 https://registry.npmjs.org/@turf%2fline-overlap 660ms (cache miss)
398 silly packumentCache full:https://registry.npmjs.org/@turf%2fline-overlap set size:undefined disposed:false
399 silly fetch manifest @turf/boolean-within@7.4.0
400 silly packumentCache full:https://registry.npmjs.org/@turf%2fboolean-within cache-miss
401 http fetch GET 200 https://registry.npmjs.org/@turf%2fboolean-equal 501ms (cache miss)
402 silly packumentCache full:https://registry.npmjs.org/@turf%2fboolean-equal set size:undefined disposed:false
403 silly fetch manifest @turf/center-of-mass@7.4.0
404 silly packumentCache full:https://registry.npmjs.org/@turf%2fcenter-of-mass cache-miss
405 http fetch GET 200 https://registry.npmjs.org/@turf%2fline-segment 679ms (cache miss)
406 silly packumentCache full:https://registry.npmjs.org/@turf%2fline-segment set size:undefined disposed:false
407 silly fetch manifest @turf/line-intersect@7.4.0
408 silly packumentCache full:https://registry.npmjs.org/@turf%2fline-intersect cache-miss
409 http fetch GET 200 https://registry.npmjs.org/@turf%2fbezier-spline 652ms (cache miss)
410 silly packumentCache full:https://registry.npmjs.org/@turf%2fbezier-spline set size:undefined disposed:false
411 silly fetch manifest @turf/polygon-smooth@7.4.0
412 silly packumentCache full:https://registry.npmjs.org/@turf%2fpolygon-smooth cache-miss
413 http fetch GET 200 https://registry.npmjs.org/@turf%2fboolean-valid 781ms (cache miss)
414 silly packumentCache full:https://registry.npmjs.org/@turf%2fboolean-valid set size:undefined disposed:false
415 silly fetch manifest @turf/rectangle-grid@7.4.0
416 silly packumentCache full:https://registry.npmjs.org/@turf%2frectangle-grid cache-miss
417 http fetch GET 200 https://registry.npmjs.org/@turf%2fcenter-median 763ms (cache miss)
418 silly packumentCache full:https://registry.npmjs.org/@turf%2fcenter-median set size:undefined disposed:false
419 silly fetch manifest @turf/rhumb-distance@7.4.0
420 silly packumentCache full:https://registry.npmjs.org/@turf%2frhumb-distance cache-miss
421 http fetch GET 200 https://registry.npmjs.org/@turf%2fgeojson-rbush 753ms (cache miss)
422 silly packumentCache full:https://registry.npmjs.org/@turf%2fgeojson-rbush set size:undefined disposed:false
423 silly fetch manifest @turf/unkink-polygon@7.4.0
424 silly packumentCache full:https://registry.npmjs.org/@turf%2funkink-polygon cache-miss
425 http fetch GET 200 https://registry.npmjs.org/@turf%2fnearest-point 645ms (cache miss)
426 silly packumentCache full:https://registry.npmjs.org/@turf%2fnearest-point set size:undefined disposed:false
427 silly fetch manifest @turf/boolean-concave@7.4.0
428 silly packumentCache full:https://registry.npmjs.org/@turf%2fboolean-concave cache-miss
429 http fetch GET 200 https://registry.npmjs.org/@turf%2ftriangle-grid 512ms (cache miss)
430 silly packumentCache full:https://registry.npmjs.org/@turf%2ftriangle-grid set size:undefined disposed:false
431 silly fetch manifest @turf/boolean-crosses@7.4.0
432 silly packumentCache full:https://registry.npmjs.org/@turf%2fboolean-crosses cache-miss
433 http fetch GET 200 https://registry.npmjs.org/@turf%2frhumb-bearing 754ms (cache miss)
434 silly packumentCache full:https://registry.npmjs.org/@turf%2frhumb-bearing set size:undefined disposed:false
435 silly fetch manifest @turf/boolean-overlap@7.4.0
436 silly packumentCache full:https://registry.npmjs.org/@turf%2fboolean-overlap cache-miss
437 http fetch GET 200 https://registry.npmjs.org/@turf%2fline-intersect 504ms (cache miss)
438 silly packumentCache full:https://registry.npmjs.org/@turf%2fline-intersect set size:undefined disposed:false
439 silly fetch manifest @turf/boolean-touches@7.4.0
440 silly packumentCache full:https://registry.npmjs.org/@turf%2fboolean-touches cache-miss
441 http fetch GET 200 https://registry.npmjs.org/@turf%2fshortest-path 781ms (cache miss)
442 silly packumentCache full:https://registry.npmjs.org/@turf%2fshortest-path set size:undefined disposed:false
443 silly fetch manifest @turf/clusters-dbscan@7.4.0
444 silly packumentCache full:https://registry.npmjs.org/@turf%2fclusters-dbscan cache-miss
445 http fetch GET 200 https://registry.npmjs.org/@turf%2fcenter-of-mass 647ms (cache miss)
446 silly packumentCache full:https://registry.npmjs.org/@turf%2fcenter-of-mass set size:undefined disposed:false
447 silly fetch manifest @turf/clusters-kmeans@7.4.0
448 silly packumentCache full:https://registry.npmjs.org/@turf%2fclusters-kmeans cache-miss
449 http fetch GET 200 https://registry.npmjs.org/@turf%2fpolygon-smooth 531ms (cache miss)
450 silly packumentCache full:https://registry.npmjs.org/@turf%2fpolygon-smooth set size:undefined disposed:false
451 silly fetch manifest @turf/distance-weight@7.4.0
452 silly packumentCache full:https://registry.npmjs.org/@turf%2fdistance-weight cache-miss
453 http fetch GET 200 https://registry.npmjs.org/@turf%2fboolean-within 745ms (cache miss)
454 silly packumentCache full:https://registry.npmjs.org/@turf%2fboolean-within set size:undefined disposed:false
455 silly fetch manifest @turf/line-to-polygon@7.4.0
456 silly packumentCache full:https://registry.npmjs.org/@turf%2fline-to-polygon cache-miss
457 http fetch GET 200 https://registry.npmjs.org/@turf%2frectangle-grid 735ms (cache miss)
458 silly packumentCache full:https://registry.npmjs.org/@turf%2frectangle-grid set size:undefined disposed:false
459 silly fetch manifest @turf/polygon-to-line@7.4.0
460 silly packumentCache full:https://registry.npmjs.org/@turf%2fpolygon-to-line cache-miss
461 http fetch GET 200 https://registry.npmjs.org/@turf%2funkink-polygon 703ms (cache miss)
462 silly packumentCache full:https://registry.npmjs.org/@turf%2funkink-polygon set size:undefined disposed:false
463 silly fetch manifest @turf/transform-scale@7.4.0
464 silly packumentCache full:https://registry.npmjs.org/@turf%2ftransform-scale cache-miss
465 http fetch GET 200 https://registry.npmjs.org/@turf%2fboolean-concave 762ms (cache miss)
466 silly packumentCache full:https://registry.npmjs.org/@turf%2fboolean-concave set size:undefined disposed:false
467 silly fetch manifest @turf/boolean-contains@7.4.0
468 silly packumentCache full:https://registry.npmjs.org/@turf%2fboolean-contains cache-miss
469 http fetch GET 200 https://registry.npmjs.org/@turf%2fboolean-crosses 755ms (cache miss)
470 silly packumentCache full:https://registry.npmjs.org/@turf%2fboolean-crosses set size:undefined disposed:false
471 silly fetch manifest @turf/boolean-disjoint@7.4.0
472 silly packumentCache full:https://registry.npmjs.org/@turf%2fboolean-disjoint cache-miss
473 http fetch GET 200 https://registry.npmjs.org/@turf%2fboolean-overlap 702ms (cache miss)
474 silly packumentCache full:https://registry.npmjs.org/@turf%2fboolean-overlap set size:undefined disposed:false
475 silly fetch manifest @turf/boolean-parallel@7.4.0
476 silly packumentCache full:https://registry.npmjs.org/@turf%2fboolean-parallel cache-miss
477 http fetch GET 200 https://registry.npmjs.org/@turf%2fline-to-polygon 518ms (cache miss)
478 silly packumentCache full:https://registry.npmjs.org/@turf%2fline-to-polygon set size:undefined disposed:false
479 silly fetch manifest @turf/directional-mean@7.4.0
480 silly packumentCache full:https://registry.npmjs.org/@turf%2fdirectional-mean cache-miss
481 http fetch GET 200 https://registry.npmjs.org/@turf%2fboolean-touches 717ms (cache miss)
482 silly packumentCache full:https://registry.npmjs.org/@turf%2fboolean-touches set size:undefined disposed:false
483 silly fetch manifest @turf/line-slice-along@7.4.0
484 silly packumentCache full:https://registry.npmjs.org/@turf%2fline-slice-along cache-miss
485 http fetch GET 200 https://registry.npmjs.org/@turf%2frhumb-distance 976ms (cache miss)
486 silly packumentCache full:https://registry.npmjs.org/@turf%2frhumb-distance set size:undefined disposed:false
487 silly fetch manifest @turf/point-on-feature@7.4.0
488 silly packumentCache full:https://registry.npmjs.org/@turf%2fpoint-on-feature cache-miss
489 http fetch GET 200 https://registry.npmjs.org/@turf%2fclusters-kmeans 691ms (cache miss)
490 silly packumentCache full:https://registry.npmjs.org/@turf%2fclusters-kmeans set size:undefined disposed:false
491 silly fetch manifest @turf/polygon-tangents@7.4.0
492 silly packumentCache full:https://registry.npmjs.org/@turf%2fpolygon-tangents cache-miss
493 http fetch GET 200 https://registry.npmjs.org/@turf%2fclusters-dbscan 736ms (cache miss)
494 silly packumentCache full:https://registry.npmjs.org/@turf%2fclusters-dbscan set size:undefined disposed:false
495 silly fetch manifest @turf/quadrat-analysis@7.4.0
496 silly packumentCache full:https://registry.npmjs.org/@turf%2fquadrat-analysis cache-miss
497 http fetch GET 200 https://registry.npmjs.org/@turf%2fdistance-weight 752ms (cache miss)
498 silly packumentCache full:https://registry.npmjs.org/@turf%2fdistance-weight set size:undefined disposed:false
499 silly fetch manifest @turf/transform-rotate@7.4.0
500 silly packumentCache full:https://registry.npmjs.org/@turf%2ftransform-rotate cache-miss
501 http fetch GET 200 https://registry.npmjs.org/@turf%2ftransform-scale 665ms (cache miss)
502 silly packumentCache full:https://registry.npmjs.org/@turf%2ftransform-scale set size:undefined disposed:false
503 silly fetch manifest @turf/boolean-clockwise@7.4.0
504 silly packumentCache full:https://registry.npmjs.org/@turf%2fboolean-clockwise cache-miss
505 http fetch GET 200 https://registry.npmjs.org/@turf%2fpolygon-to-line 748ms (cache miss)
506 silly packumentCache full:https://registry.npmjs.org/@turf%2fpolygon-to-line set size:undefined disposed:false
507 silly fetch manifest @turf/rhumb-destination@7.4.0
508 silly packumentCache full:https://registry.npmjs.org/@turf%2frhumb-destination cache-miss
509 http fetch GET 200 https://registry.npmjs.org/@turf%2fpoint-on-feature 501ms (cache miss)
510 silly packumentCache full:https://registry.npmjs.org/@turf%2fpoint-on-feature set size:undefined disposed:false
511 silly fetch manifest @turf/boolean-intersects@7.4.0
512 silly packumentCache full:https://registry.npmjs.org/@turf%2fboolean-intersects cache-miss
513 http fetch GET 200 https://registry.npmjs.org/@turf%2fboolean-contains 646ms (cache miss)
514 silly packumentCache full:https://registry.npmjs.org/@turf%2fboolean-contains set size:undefined disposed:false
515 silly fetch manifest @turf/transform-translate@7.4.0
516 silly packumentCache full:https://registry.npmjs.org/@turf%2ftransform-translate cache-miss
517 http fetch GET 200 https://registry.npmjs.org/@turf%2fdirectional-mean 663ms (cache miss)
518 silly packumentCache full:https://registry.npmjs.org/@turf%2fdirectional-mean set size:undefined disposed:false
519 silly fetch manifest @turf/boolean-point-on-line@7.4.0
520 silly packumentCache full:https://registry.npmjs.org/@turf%2fboolean-point-on-line cache-miss
521 http fetch GET 200 https://registry.npmjs.org/@turf%2fline-slice-along 661ms (cache miss)
522 silly packumentCache full:https://registry.npmjs.org/@turf%2fline-slice-along set size:undefined disposed:false
523 silly fetch manifest @turf/nearest-point-on-line@7.4.0
524 silly packumentCache full:https://registry.npmjs.org/@turf%2fnearest-point-on-line cache-miss
525 http fetch GET 200 https://registry.npmjs.org/@turf%2fboolean-disjoint 730ms (cache miss)
526 silly packumentCache full:https://registry.npmjs.org/@turf%2fboolean-disjoint set size:undefined disposed:false
527 silly fetch manifest @turf/nearest-point-to-line@7.4.0
528 silly packumentCache full:https://registry.npmjs.org/@turf%2fnearest-point-to-line cache-miss
529 http fetch GET 200 https://registry.npmjs.org/@turf%2ftransform-rotate 521ms (cache miss)
530 silly packumentCache full:https://registry.npmjs.org/@turf%2ftransform-rotate set size:undefined disposed:false
531 silly fetch manifest @turf/points-within-polygon@7.4.0
532 silly packumentCache full:https://registry.npmjs.org/@turf%2fpoints-within-polygon cache-miss
533 http fetch GET 200 https://registry.npmjs.org/@turf%2fpolygon-tangents 624ms (cache miss)
534 silly packumentCache full:https://registry.npmjs.org/@turf%2fpolygon-tangents set size:undefined disposed:false
535 silly fetch manifest @turf/point-to-line-distance@7.4.0
536 silly packumentCache full:https://registry.npmjs.org/@turf%2fpoint-to-line-distance cache-miss
537 http fetch GET 200 https://registry.npmjs.org/@turf%2fboolean-parallel 748ms (cache miss)
538 silly packumentCache full:https://registry.npmjs.org/@turf%2fboolean-parallel set size:undefined disposed:false
539 silly fetch manifest @turf/boolean-point-in-polygon@7.4.0
540 silly packumentCache full:https://registry.npmjs.org/@turf%2fboolean-point-in-polygon cache-miss
541 http fetch GET 200 https://registry.npmjs.org/@turf%2fquadrat-analysis 731ms (cache miss)
542 silly packumentCache full:https://registry.npmjs.org/@turf%2fquadrat-analysis set size:undefined disposed:false
543 silly fetch manifest @turf/nearest-neighbor-analysis@7.4.0
544 silly packumentCache full:https://registry.npmjs.org/@turf%2fnearest-neighbor-analysis cache-miss
545 http fetch GET 200 https://registry.npmjs.org/@turf%2fboolean-intersects 499ms (cache miss)
546 silly packumentCache full:https://registry.npmjs.org/@turf%2fboolean-intersects set size:undefined disposed:false
547 silly fetch manifest @turf/point-to-polygon-distance@7.4.0
548 silly packumentCache full:https://registry.npmjs.org/@turf%2fpoint-to-polygon-distance cache-miss
549 http fetch GET 200 https://registry.npmjs.org/@turf%2fpoints-within-polygon 494ms (cache miss)
550 silly packumentCache full:https://registry.npmjs.org/@turf%2fpoints-within-polygon set size:undefined disposed:false
551 silly fetch manifest @turf/standard-deviational-ellipse@7.4.0
552 silly packumentCache full:https://registry.npmjs.org/@turf%2fstandard-deviational-ellipse cache-miss
553 http fetch GET 200 https://registry.npmjs.org/@turf%2ftransform-translate 668ms (cache miss)
554 silly packumentCache full:https://registry.npmjs.org/@turf%2ftransform-translate set size:undefined disposed:false
555 silly fetch manifest @types/geojson@*
556 silly packumentCache full:https://registry.npmjs.org/@types%2fgeojson cache-miss
557 http cache https://registry.npmjs.org/@types%2fgeojson 9ms (cache hit)
558 silly packumentCache full:https://registry.npmjs.org/@types%2fgeojson set size:66640 disposed:false
559 silly fetch manifest undici-types@~6.21.0
560 silly packumentCache full:https://registry.npmjs.org/undici-types cache-miss
561 http fetch GET 200 https://registry.npmjs.org/@turf%2fboolean-point-in-polygon 507ms (cache miss)
562 silly packumentCache full:https://registry.npmjs.org/@turf%2fboolean-point-in-polygon set size:undefined disposed:false
563 silly fetch manifest csstype@^3.2.2
564 silly packumentCache full:https://registry.npmjs.org/csstype cache-miss
565 http fetch GET 200 https://registry.npmjs.org/@turf%2fboolean-clockwise 747ms (cache miss)
566 silly packumentCache full:https://registry.npmjs.org/@turf%2fboolean-clockwise set size:undefined disposed:false
567 silly fetch manifest @types/prop-types@*
568 silly packumentCache full:https://registry.npmjs.org/@types%2fprop-types cache-miss
569 http fetch GET 200 https://registry.npmjs.org/undici-types 31ms (cache miss)
570 silly packumentCache full:https://registry.npmjs.org/undici-types set size:undefined disposed:false
571 silly fetch manifest picocolors@^1.1.1
572 silly packumentCache full:https://registry.npmjs.org/picocolors cache-miss
573 http fetch GET 200 https://registry.npmjs.org/@turf%2frhumb-destination 737ms (cache miss)
574 silly packumentCache full:https://registry.npmjs.org/@turf%2frhumb-destination set size:undefined disposed:false
575 silly fetch manifest fraction.js@^5.3.4
576 silly packumentCache full:https://registry.npmjs.org/fraction.js cache-miss
577 http fetch GET 200 https://registry.npmjs.org/@types%2fprop-types 33ms (cache miss)
578 silly packumentCache full:https://registry.npmjs.org/@types%2fprop-types set size:undefined disposed:false
579 silly fetch manifest browserslist@^4.28.6
580 silly packumentCache full:https://registry.npmjs.org/browserslist cache-miss
581 http fetch GET 200 https://registry.npmjs.org/csstype 41ms (cache miss)
582 silly packumentCache full:https://registry.npmjs.org/csstype set size:undefined disposed:false
583 silly fetch manifest caniuse-lite@^1.0.30001806
584 silly packumentCache full:https://registry.npmjs.org/caniuse-lite cache-miss
585 http fetch GET 200 https://registry.npmjs.org/picocolors 23ms (cache miss)
586 silly packumentCache full:https://registry.npmjs.org/picocolors set size:undefined disposed:false
587 silly fetch manifest postcss-value-parser@^4.2.0
588 silly packumentCache full:https://registry.npmjs.org/postcss-value-parser cache-miss
589 http fetch GET 200 https://registry.npmjs.org/fraction.js 25ms (cache miss)
590 silly packumentCache full:https://registry.npmjs.org/fraction.js set size:undefined disposed:false
591 silly fetch manifest nanoid@^3.3.17
592 silly packumentCache full:https://registry.npmjs.org/nanoid cache-miss
593 http fetch GET 200 https://registry.npmjs.org/postcss-value-parser 20ms (cache miss)
594 silly packumentCache full:https://registry.npmjs.org/postcss-value-parser set size:undefined disposed:false
595 silly fetch manifest source-map-js@^1.2.1
596 silly packumentCache full:https://registry.npmjs.org/source-map-js cache-miss
597 http fetch GET 200 https://registry.npmjs.org/@turf%2fnearest-point-on-line 649ms (cache miss)
598 silly packumentCache full:https://registry.npmjs.org/@turf%2fnearest-point-on-line set size:undefined disposed:false
599 silly fetch manifest busboy@1.6.0
600 silly packumentCache full:https://registry.npmjs.org/busboy cache-miss
601 http fetch GET 200 https://registry.npmjs.org/source-map-js 35ms (cache miss)
602 silly packumentCache full:https://registry.npmjs.org/source-map-js set size:undefined disposed:false
603 silly fetch manifest postcss@8.4.31
604 silly packumentCache full:https://registry.npmjs.org/postcss cache-miss
605 http fetch GET 200 https://registry.npmjs.org/nanoid 53ms (cache miss)
606 silly packumentCache full:https://registry.npmjs.org/nanoid set size:undefined disposed:false
607 silly fetch manifest @next/env@14.2.35
608 silly packumentCache full:https://registry.npmjs.org/@next%2fenv cache-miss
609 http cache https://registry.npmjs.org/postcss 15ms (cache hit)
610 silly packumentCache full:https://registry.npmjs.org/postcss set size:760024 disposed:false
611 silly fetch manifest styled-jsx@5.1.1
612 silly packumentCache full:https://registry.npmjs.org/styled-jsx cache-miss
613 http fetch GET 200 https://registry.npmjs.org/@turf%2fboolean-point-on-line 717ms (cache miss)
614 silly packumentCache full:https://registry.npmjs.org/@turf%2fboolean-point-on-line set size:undefined disposed:false
615 silly fetch manifest graceful-fs@^4.2.11
616 silly packumentCache full:https://registry.npmjs.org/graceful-fs cache-miss
617 http fetch GET 200 https://registry.npmjs.org/browserslist 122ms (cache miss)
618 silly packumentCache full:https://registry.npmjs.org/browserslist set size:undefined disposed:false
619 silly fetch manifest @swc/helpers@0.5.5
620 silly packumentCache full:https://registry.npmjs.org/@swc%2fhelpers cache-miss
621 http fetch GET 200 https://registry.npmjs.org/busboy 70ms (cache miss)
622 silly packumentCache full:https://registry.npmjs.org/busboy set size:undefined disposed:false
623 silly fetch manifest caniuse-lite@^1.0.30001579
624 silly packumentCache full:https://registry.npmjs.org/caniuse-lite cache-miss
625 http fetch GET 200 https://registry.npmjs.org/@turf%2fpoint-to-line-distance 688ms (cache miss)
626 silly packumentCache full:https://registry.npmjs.org/@turf%2fpoint-to-line-distance set size:undefined disposed:false
627 silly fetch manifest @next/swc-darwin-x64@14.2.33
628 silly packumentCache full:https://registry.npmjs.org/@next%2fswc-darwin-x64 cache-miss
629 http fetch GET 200 https://registry.npmjs.org/graceful-fs 72ms (cache miss)
630 silly packumentCache full:https://registry.npmjs.org/graceful-fs set size:undefined disposed:false
631 silly fetch manifest @next/swc-darwin-arm64@14.2.33
632 silly packumentCache full:https://registry.npmjs.org/@next%2fswc-darwin-arm64 cache-miss
633 http fetch GET 200 https://registry.npmjs.org/@turf%2fnearest-point-to-line 773ms (cache miss)
634 silly packumentCache full:https://registry.npmjs.org/@turf%2fnearest-point-to-line set size:undefined disposed:false
635 silly fetch manifest @next/swc-linux-x64-gnu@14.2.33
636 silly packumentCache full:https://registry.npmjs.org/@next%2fswc-linux-x64-gnu cache-miss
637 http fetch GET 200 https://registry.npmjs.org/styled-jsx 139ms (cache miss)
638 silly packumentCache full:https://registry.npmjs.org/styled-jsx set size:undefined disposed:false
639 silly fetch manifest @next/swc-linux-x64-musl@14.2.33
640 silly packumentCache full:https://registry.npmjs.org/@next%2fswc-linux-x64-musl cache-miss
641 http fetch GET 200 https://registry.npmjs.org/caniuse-lite 233ms (cache miss)
642 silly packumentCache full:https://registry.npmjs.org/caniuse-lite set size:undefined disposed:false
643 silly fetch manifest @next/swc-win32-x64-msvc@14.2.33
644 silly packumentCache full:https://registry.npmjs.org/@next%2fswc-win32-x64-msvc cache-miss
645 http fetch GET 200 https://registry.npmjs.org/@swc%2fhelpers 136ms (cache miss)
646 silly packumentCache full:https://registry.npmjs.org/@swc%2fhelpers set size:undefined disposed:false
647 silly fetch manifest @next/swc-linux-arm64-gnu@14.2.33
648 silly packumentCache full:https://registry.npmjs.org/@next%2fswc-linux-arm64-gnu cache-miss
649 http fetch GET 200 https://registry.npmjs.org/@turf%2fnearest-neighbor-analysis 767ms (cache miss)
650 silly packumentCache full:https://registry.npmjs.org/@turf%2fnearest-neighbor-analysis set size:undefined disposed:false
651 silly fetch manifest @next/swc-win32-ia32-msvc@14.2.33
652 silly packumentCache full:https://registry.npmjs.org/@next%2fswc-win32-ia32-msvc cache-miss
653 http fetch GET 200 https://registry.npmjs.org/@turf%2fstandard-deviational-ellipse 540ms (cache miss)
654 silly packumentCache full:https://registry.npmjs.org/@turf%2fstandard-deviational-ellipse set size:undefined disposed:false
655 silly fetch manifest @next/swc-linux-arm64-musl@14.2.33
656 silly packumentCache full:https://registry.npmjs.org/@next%2fswc-linux-arm64-musl cache-miss
657 http fetch GET 200 https://registry.npmjs.org/@turf%2fpoint-to-polygon-distance 785ms (cache miss)
658 silly packumentCache full:https://registry.npmjs.org/@turf%2fpoint-to-polygon-distance set size:undefined disposed:false
659 silly fetch manifest @next/swc-win32-arm64-msvc@14.2.33
660 silly packumentCache full:https://registry.npmjs.org/@next%2fswc-win32-arm64-msvc cache-miss
661 http fetch GET 200 https://registry.npmjs.org/caniuse-lite 1291ms (cache miss)
662 silly packumentCache full:https://registry.npmjs.org/caniuse-lite set size:undefined disposed:false
663 silly fetch manifest scheduler@^0.23.2
664 silly packumentCache full:https://registry.npmjs.org/scheduler cache-miss
665 http fetch GET 200 https://registry.npmjs.org/@next%2fswc-darwin-x64 2167ms (cache miss)
666 silly packumentCache full:https://registry.npmjs.org/@next%2fswc-darwin-x64 set size:undefined disposed:false
667 silly fetch manifest loose-envify@^1.1.0
668 silly packumentCache full:https://registry.npmjs.org/loose-envify cache-miss
669 http fetch GET 200 https://registry.npmjs.org/loose-envify 64ms (cache miss)
670 silly packumentCache full:https://registry.npmjs.org/loose-envify set size:undefined disposed:false
671 silly fetch manifest @react-leaflet/core@^2.1.0
672 silly packumentCache full:https://registry.npmjs.org/@react-leaflet%2fcore cache-miss
673 http fetch GET 200 https://registry.npmjs.org/@next%2fswc-win32-ia32-msvc 2246ms (cache miss)
674 silly packumentCache full:https://registry.npmjs.org/@next%2fswc-win32-ia32-msvc set size:undefined disposed:false
675 silly fetch manifest clsx@^2.0.0
676 silly packumentCache full:https://registry.npmjs.org/clsx cache-miss
677 http fetch GET 200 https://registry.npmjs.org/clsx 89ms (cache miss)
678 silly packumentCache full:https://registry.npmjs.org/clsx set size:undefined disposed:false
679 silly fetch manifest lodash@^4.17.21
680 silly packumentCache full:https://registry.npmjs.org/lodash cache-miss
681 http fetch GET 200 https://registry.npmjs.org/@next%2fswc-linux-x64-musl 2500ms (cache miss)
682 silly packumentCache full:https://registry.npmjs.org/@next%2fswc-linux-x64-musl set size:undefined disposed:false
683 silly fetch manifest react-is@^18.3.1
684 silly packumentCache full:https://registry.npmjs.org/react-is cache-miss
685 http fetch GET 200 https://registry.npmjs.org/@next%2fswc-linux-x64-gnu 2588ms (cache miss)
686 silly packumentCache full:https://registry.npmjs.org/@next%2fswc-linux-x64-gnu set size:undefined disposed:false
687 silly fetch manifest react-smooth@^4.0.4
688 silly packumentCache full:https://registry.npmjs.org/react-smooth cache-miss
689 http fetch GET 200 https://registry.npmjs.org/lodash 135ms (cache miss)
690 silly packumentCache full:https://registry.npmjs.org/lodash set size:undefined disposed:false
691 silly fetch manifest eventemitter3@^4.0.1
692 silly packumentCache full:https://registry.npmjs.org/eventemitter3 cache-miss
693 http fetch GET 200 https://registry.npmjs.org/react-smooth 109ms (cache miss)
694 silly packumentCache full:https://registry.npmjs.org/react-smooth set size:undefined disposed:false
695 silly fetch manifest recharts-scale@^0.4.4
696 silly packumentCache full:https://registry.npmjs.org/recharts-scale cache-miss
697 http fetch GET 200 https://registry.npmjs.org/eventemitter3 88ms (cache miss)
698 silly packumentCache full:https://registry.npmjs.org/eventemitter3 set size:undefined disposed:false
699 silly fetch manifest tiny-invariant@^1.3.1
700 silly packumentCache full:https://registry.npmjs.org/tiny-invariant cache-miss
701 http fetch GET 200 https://registry.npmjs.org/@next%2fswc-win32-x64-msvc 2720ms (cache miss)
702 silly packumentCache full:https://registry.npmjs.org/@next%2fswc-win32-x64-msvc set size:undefined disposed:false
703 silly fetch manifest victory-vendor@^36.6.8
704 silly packumentCache full:https://registry.npmjs.org/victory-vendor cache-miss
705 http fetch GET 200 https://registry.npmjs.org/recharts-scale 88ms (cache miss)
706 silly packumentCache full:https://registry.npmjs.org/recharts-scale set size:undefined disposed:false
707 silly fetch manifest arg@^5.0.2
708 silly packumentCache full:https://registry.npmjs.org/arg cache-miss
709 http fetch GET 200 https://registry.npmjs.org/tiny-invariant 85ms (cache miss)
710 silly packumentCache full:https://registry.npmjs.org/tiny-invariant set size:undefined disposed:false
711 silly fetch manifest dlv@^1.1.3
712 silly packumentCache full:https://registry.npmjs.org/dlv cache-miss
713 http fetch GET 200 https://registry.npmjs.org/victory-vendor 106ms (cache miss)
714 silly packumentCache full:https://registry.npmjs.org/victory-vendor set size:undefined disposed:false
715 silly fetch manifest jiti@^1.21.7
716 silly packumentCache full:https://registry.npmjs.org/jiti cache-miss
717 http fetch GET 200 https://registry.npmjs.org/arg 91ms (cache miss)
718 silly packumentCache full:https://registry.npmjs.org/arg set size:undefined disposed:false
719 silly fetch manifest is-glob@^4.0.3
720 silly packumentCache full:https://registry.npmjs.org/is-glob cache-miss
721 http fetch GET 200 https://registry.npmjs.org/@next%2fswc-darwin-arm64 2939ms (cache miss)
722 silly packumentCache full:https://registry.npmjs.org/@next%2fswc-darwin-arm64 set size:undefined disposed:false
723 silly fetch manifest resolve@^1.22.8
724 silly packumentCache full:https://registry.npmjs.org/resolve cache-miss
725 http fetch GET 200 https://registry.npmjs.org/is-glob 61ms (cache miss)
726 silly packumentCache full:https://registry.npmjs.org/is-glob set size:undefined disposed:false
727 silly fetch manifest sucrase@^3.35.0
728 silly packumentCache full:https://registry.npmjs.org/sucrase cache-miss
729 http fetch GET 200 https://registry.npmjs.org/@react-leaflet%2fcore 785ms (cache miss)
730 silly packumentCache full:https://registry.npmjs.org/@react-leaflet%2fcore set size:undefined disposed:false
731 silly fetch manifest chokidar@^3.6.0
732 silly packumentCache full:https://registry.npmjs.org/chokidar cache-miss
733 http fetch GET 200 https://registry.npmjs.org/chokidar 116ms (cache miss)
734 silly packumentCache full:https://registry.npmjs.org/chokidar set size:undefined disposed:false
735 silly fetch manifest fast-glob@^3.3.2
736 silly packumentCache full:https://registry.npmjs.org/fast-glob cache-miss
737 http fetch GET 200 https://registry.npmjs.org/dlv 304ms (cache miss)
738 silly packumentCache full:https://registry.npmjs.org/dlv set size:undefined disposed:false
739 silly fetch manifest lilconfig@^3.1.3
740 silly packumentCache full:https://registry.npmjs.org/lilconfig cache-miss
741 http fetch GET 200 https://registry.npmjs.org/@next%2fswc-win32-arm64-msvc 2771ms (cache miss)
742 silly packumentCache full:https://registry.npmjs.org/@next%2fswc-win32-arm64-msvc set size:undefined disposed:false
743 silly fetch manifest didyoumean@^1.2.2
744 silly packumentCache full:https://registry.npmjs.org/didyoumean cache-miss
745 http fetch GET 200 https://registry.npmjs.org/@next%2fenv 3287ms (cache miss)
746 silly packumentCache full:https://registry.npmjs.org/@next%2fenv set size:undefined disposed:false
747 silly fetch manifest micromatch@^4.0.8
748 silly packumentCache full:https://registry.npmjs.org/micromatch cache-miss
749 http fetch GET 200 https://registry.npmjs.org/@next%2fswc-linux-arm64-gnu 3126ms (cache miss)
750 silly packumentCache full:https://registry.npmjs.org/@next%2fswc-linux-arm64-gnu set size:undefined disposed:false
751 silly fetch manifest postcss-js@^4.0.1
752 silly packumentCache full:https://registry.npmjs.org/postcss-js cache-miss
753 http fetch GET 200 https://registry.npmjs.org/resolve 303ms (cache miss)
754 silly packumentCache full:https://registry.npmjs.org/resolve set size:undefined disposed:false
755 silly fetch manifest glob-parent@^6.0.2
756 silly packumentCache full:https://registry.npmjs.org/glob-parent cache-miss
757 http fetch GET 200 https://registry.npmjs.org/jiti 338ms (cache miss)
758 silly packumentCache full:https://registry.npmjs.org/jiti set size:undefined disposed:false
759 silly fetch manifest object-hash@^3.0.0
760 silly packumentCache full:https://registry.npmjs.org/object-hash cache-miss
761 http fetch GET 200 https://registry.npmjs.org/didyoumean 106ms (cache miss)
762 silly packumentCache full:https://registry.npmjs.org/didyoumean set size:undefined disposed:false
763 silly fetch manifest normalize-path@^3.0.0
764 silly packumentCache full:https://registry.npmjs.org/normalize-path cache-miss
765 http fetch GET 200 https://registry.npmjs.org/sucrase 285ms (cache miss)
766 silly packumentCache full:https://registry.npmjs.org/sucrase set size:undefined disposed:false
767 silly fetch manifest postcss-import@^15.1.0
768 silly packumentCache full:https://registry.npmjs.org/postcss-import cache-miss
769 http fetch GET 200 https://registry.npmjs.org/lilconfig 136ms (cache miss)
770 silly packumentCache full:https://registry.npmjs.org/lilconfig set size:undefined disposed:false
771 silly fetch manifest postcss-nested@^6.2.0
772 silly packumentCache full:https://registry.npmjs.org/postcss-nested cache-miss
773 http fetch GET 200 https://registry.npmjs.org/@next%2fswc-linux-arm64-musl 3004ms (cache miss)
774 silly packumentCache full:https://registry.npmjs.org/@next%2fswc-linux-arm64-musl set size:undefined disposed:false
775 silly fetch manifest @alloc/quick-lru@^5.2.0
776 silly packumentCache full:https://registry.npmjs.org/@alloc%2fquick-lru cache-miss
777 http fetch GET 200 https://registry.npmjs.org/fast-glob 189ms (cache miss)
778 silly packumentCache full:https://registry.npmjs.org/fast-glob set size:undefined disposed:false
779 silly fetch manifest postcss-load-config@^4.0.2 || ^5.0 || ^6.0
780 silly packumentCache full:https://registry.npmjs.org/postcss-load-config cache-miss
781 http fetch GET 200 https://registry.npmjs.org/postcss-js 95ms (cache miss)
782 silly packumentCache full:https://registry.npmjs.org/postcss-js set size:undefined disposed:false
783 silly fetch manifest postcss-selector-parser@^6.1.2
784 silly packumentCache full:https://registry.npmjs.org/postcss-selector-parser cache-miss
785 http fetch GET 200 https://registry.npmjs.org/glob-parent 77ms (cache miss)
786 silly packumentCache full:https://registry.npmjs.org/glob-parent set size:undefined disposed:false
787 silly fetch manifest esbuild@~0.28.0
788 silly packumentCache full:https://registry.npmjs.org/esbuild cache-miss
789 http fetch GET 200 https://registry.npmjs.org/normalize-path 66ms (cache miss)
790 silly packumentCache full:https://registry.npmjs.org/normalize-path set size:undefined disposed:false
791 silly fetch manifest fsevents@~2.3.3
792 silly packumentCache full:https://registry.npmjs.org/fsevents cache-miss
793 http fetch GET 200 https://registry.npmjs.org/object-hash 77ms (cache miss)
794 silly packumentCache full:https://registry.npmjs.org/object-hash set size:undefined disposed:false
795 http fetch GET 200 https://registry.npmjs.org/postcss-nested 63ms (cache miss)
796 silly packumentCache full:https://registry.npmjs.org/postcss-nested set size:undefined disposed:false
797 http fetch GET 200 https://registry.npmjs.org/micromatch 139ms (cache miss)
798 silly packumentCache full:https://registry.npmjs.org/micromatch set size:undefined disposed:false
799 http fetch GET 200 https://registry.npmjs.org/postcss-import 75ms (cache miss)
800 silly packumentCache full:https://registry.npmjs.org/postcss-import set size:undefined disposed:false
801 http fetch GET 200 https://registry.npmjs.org/postcss-load-config 51ms (cache miss)
802 silly packumentCache full:https://registry.npmjs.org/postcss-load-config set size:undefined disposed:false
803 http fetch GET 200 https://registry.npmjs.org/@alloc%2fquick-lru 55ms (cache miss)
804 silly packumentCache full:https://registry.npmjs.org/@alloc%2fquick-lru set size:undefined disposed:false
805 http fetch GET 200 https://registry.npmjs.org/fsevents 44ms (cache miss)
806 silly packumentCache full:https://registry.npmjs.org/fsevents set size:undefined disposed:false
807 http fetch GET 200 https://registry.npmjs.org/postcss-selector-parser 54ms (cache miss)
808 silly packumentCache full:https://registry.npmjs.org/postcss-selector-parser set size:undefined disposed:false
809 http fetch GET 200 https://registry.npmjs.org/scheduler 2395ms (cache miss)
810 silly packumentCache full:https://registry.npmjs.org/scheduler set size:undefined disposed:false
811 http fetch GET 200 https://registry.npmjs.org/esbuild 347ms (cache miss)
812 silly packumentCache full:https://registry.npmjs.org/esbuild set size:undefined disposed:false
813 http fetch GET 200 https://registry.npmjs.org/react-is 1294ms (cache miss)
814 silly packumentCache full:https://registry.npmjs.org/react-is set size:undefined disposed:false
815 silly placeDep ROOT @turf/along@7.4.0 OK for: @turf/turf@7.4.0 want: 7.4.0
816 silly placeDep ROOT @turf/angle@7.4.0 OK for: @turf/turf@7.4.0 want: 7.4.0
817 silly placeDep ROOT @turf/area@7.4.0 OK for: @turf/turf@7.4.0 want: 7.4.0
818 silly placeDep ROOT @turf/bbox@7.4.0 OK for: @turf/turf@7.4.0 want: 7.4.0
819 silly placeDep ROOT @turf/bbox-clip@7.4.0 OK for: @turf/turf@7.4.0 want: 7.4.0
820 silly placeDep ROOT @turf/bbox-polygon@7.4.0 OK for: @turf/turf@7.4.0 want: 7.4.0
821 silly placeDep ROOT @turf/bearing@7.4.0 OK for: @turf/turf@7.4.0 want: 7.4.0
822 silly placeDep ROOT @turf/bezier-spline@7.4.0 OK for: @turf/turf@7.4.0 want: 7.4.0
823 silly placeDep ROOT @turf/boolean-clockwise@7.4.0 OK for: @turf/turf@7.4.0 want: 7.4.0
824 silly placeDep ROOT @turf/boolean-concave@7.4.0 OK for: @turf/turf@7.4.0 want: 7.4.0
825 silly placeDep ROOT @turf/boolean-contains@7.4.0 OK for: @turf/turf@7.4.0 want: 7.4.0
826 silly placeDep ROOT @turf/boolean-crosses@7.4.0 OK for: @turf/turf@7.4.0 want: 7.4.0
827 silly placeDep ROOT @turf/boolean-disjoint@7.4.0 OK for: @turf/turf@7.4.0 want: 7.4.0
828 silly placeDep ROOT @turf/boolean-equal@7.4.0 OK for: @turf/turf@7.4.0 want: 7.4.0
829 silly placeDep ROOT @turf/boolean-intersects@7.4.0 OK for: @turf/turf@7.4.0 want: 7.4.0
830 silly placeDep ROOT @turf/boolean-overlap@7.4.0 OK for: @turf/turf@7.4.0 want: 7.4.0
831 silly placeDep ROOT @turf/boolean-parallel@7.4.0 OK for: @turf/turf@7.4.0 want: 7.4.0
832 silly placeDep ROOT @turf/boolean-point-in-polygon@7.4.0 OK for: @turf/turf@7.4.0 want: 7.4.0
833 silly placeDep ROOT @turf/boolean-point-on-line@7.4.0 OK for: @turf/turf@7.4.0 want: 7.4.0
834 silly placeDep ROOT @turf/boolean-touches@7.4.0 OK for: @turf/turf@7.4.0 want: 7.4.0
835 silly placeDep ROOT @turf/boolean-valid@7.4.0 OK for: @turf/turf@7.4.0 want: 7.4.0
836 silly placeDep ROOT @turf/boolean-within@7.4.0 OK for: @turf/turf@7.4.0 want: 7.4.0
837 silly placeDep ROOT @turf/buffer@7.4.0 OK for: @turf/turf@7.4.0 want: 7.4.0
838 silly placeDep ROOT @turf/center@7.4.0 OK for: @turf/turf@7.4.0 want: 7.4.0
839 silly placeDep ROOT @turf/center-mean@7.4.0 OK for: @turf/turf@7.4.0 want: 7.4.0
840 silly placeDep ROOT @turf/center-median@7.4.0 OK for: @turf/turf@7.4.0 want: 7.4.0
841 silly placeDep ROOT @turf/center-of-mass@7.4.0 OK for: @turf/turf@7.4.0 want: 7.4.0
842 silly placeDep ROOT @turf/centroid@7.4.0 OK for: @turf/turf@7.4.0 want: 7.4.0
843 silly placeDep ROOT @turf/circle@7.4.0 OK for: @turf/turf@7.4.0 want: 7.4.0
844 silly placeDep ROOT @turf/clean-coords@7.4.0 OK for: @turf/turf@7.4.0 want: 7.4.0
845 silly placeDep ROOT @turf/clone@7.4.0 OK for: @turf/turf@7.4.0 want: 7.4.0
846 silly placeDep ROOT @turf/clusters@7.4.0 OK for: @turf/turf@7.4.0 want: 7.4.0
847 silly placeDep ROOT @turf/clusters-dbscan@7.4.0 OK for: @turf/turf@7.4.0 want: 7.4.0
848 silly placeDep ROOT @turf/clusters-kmeans@7.4.0 OK for: @turf/turf@7.4.0 want: 7.4.0
849 silly placeDep ROOT @turf/collect@7.4.0 OK for: @turf/turf@7.4.0 want: 7.4.0
850 silly placeDep ROOT @turf/combine@7.4.0 OK for: @turf/turf@7.4.0 want: 7.4.0
851 silly placeDep ROOT @turf/concave@7.4.0 OK for: @turf/turf@7.4.0 want: 7.4.0
852 silly placeDep ROOT @turf/convex@7.4.0 OK for: @turf/turf@7.4.0 want: 7.4.0
853 silly placeDep ROOT @turf/destination@7.4.0 OK for: @turf/turf@7.4.0 want: 7.4.0
854 silly placeDep ROOT @turf/difference@7.4.0 OK for: @turf/turf@7.4.0 want: 7.4.0
855 silly placeDep ROOT @turf/directional-mean@7.4.0 OK for: @turf/turf@7.4.0 want: 7.4.0
856 silly placeDep ROOT @turf/dissolve@7.4.0 OK for: @turf/turf@7.4.0 want: 7.4.0
857 silly placeDep ROOT @turf/distance@7.4.0 OK for: @turf/turf@7.4.0 want: 7.4.0
858 silly placeDep ROOT @turf/distance-weight@7.4.0 OK for: @turf/turf@7.4.0 want: 7.4.0
859 silly placeDep ROOT @turf/ellipse@7.4.0 OK for: @turf/turf@7.4.0 want: 7.4.0
860 silly placeDep ROOT @turf/envelope@7.4.0 OK for: @turf/turf@7.4.0 want: 7.4.0
861 silly placeDep ROOT @turf/explode@7.4.0 OK for: @turf/turf@7.4.0 want: 7.4.0
862 silly placeDep ROOT @turf/flatten@7.4.0 OK for: @turf/turf@7.4.0 want: 7.4.0
863 silly placeDep ROOT @turf/flip@7.4.0 OK for: @turf/turf@7.4.0 want: 7.4.0
864 silly placeDep ROOT @turf/geojson-rbush@7.4.0 OK for: @turf/turf@7.4.0 want: 7.4.0
865 silly placeDep ROOT @turf/great-circle@7.4.0 OK for: @turf/turf@7.4.0 want: 7.4.0
866 silly placeDep ROOT @turf/helpers@7.4.0 OK for: @turf/turf@7.4.0 want: 7.4.0
867 silly placeDep ROOT @turf/hex-grid@7.4.0 OK for: @turf/turf@7.4.0 want: 7.4.0
868 silly placeDep ROOT @turf/interpolate@7.4.0 OK for: @turf/turf@7.4.0 want: 7.4.0
869 silly placeDep ROOT @turf/intersect@7.4.0 OK for: @turf/turf@7.4.0 want: 7.4.0
870 silly placeDep ROOT @turf/invariant@7.4.0 OK for: @turf/turf@7.4.0 want: 7.4.0
871 silly placeDep ROOT @turf/isobands@7.4.0 OK for: @turf/turf@7.4.0 want: 7.4.0
872 silly placeDep ROOT @turf/isolines@7.4.0 OK for: @turf/turf@7.4.0 want: 7.4.0
873 silly placeDep ROOT @turf/kinks@7.4.0 OK for: @turf/turf@7.4.0 want: 7.4.0
874 silly placeDep ROOT @turf/length@7.4.0 OK for: @turf/turf@7.4.0 want: 7.4.0
875 silly placeDep ROOT @turf/line-arc@7.4.0 OK for: @turf/turf@7.4.0 want: 7.4.0
876 silly placeDep ROOT @turf/line-chunk@7.4.0 OK for: @turf/turf@7.4.0 want: 7.4.0
877 silly placeDep ROOT @turf/line-intersect@7.4.0 OK for: @turf/turf@7.4.0 want: 7.4.0
878 silly placeDep ROOT @turf/line-offset@7.4.0 OK for: @turf/turf@7.4.0 want: 7.4.0
879 silly placeDep ROOT @turf/line-overlap@7.4.0 OK for: @turf/turf@7.4.0 want: 7.4.0
880 silly placeDep ROOT @turf/line-segment@7.4.0 OK for: @turf/turf@7.4.0 want: 7.4.0
881 silly placeDep ROOT @turf/line-slice@7.4.0 OK for: @turf/turf@7.4.0 want: 7.4.0
882 silly placeDep ROOT @turf/line-slice-along@7.4.0 OK for: @turf/turf@7.4.0 want: 7.4.0
883 silly placeDep ROOT @turf/line-split@7.4.0 OK for: @turf/turf@7.4.0 want: 7.4.0
884 silly placeDep ROOT @turf/line-to-polygon@7.4.0 OK for: @turf/turf@7.4.0 want: 7.4.0
885 silly placeDep ROOT @turf/mask@7.4.0 OK for: @turf/turf@7.4.0 want: 7.4.0
886 silly placeDep ROOT @turf/meta@7.4.0 OK for: @turf/turf@7.4.0 want: 7.4.0
887 silly placeDep ROOT @turf/midpoint@7.4.0 OK for: @turf/turf@7.4.0 want: 7.4.0
888 silly placeDep ROOT @turf/moran-index@7.4.0 OK for: @turf/turf@7.4.0 want: 7.4.0
889 silly placeDep ROOT @turf/nearest-neighbor-analysis@7.4.0 OK for: @turf/turf@7.4.0 want: 7.4.0
890 silly placeDep ROOT @turf/nearest-point@7.4.0 OK for: @turf/turf@7.4.0 want: 7.4.0
891 silly placeDep ROOT @turf/nearest-point-on-line@7.4.0 OK for: @turf/turf@7.4.0 want: 7.4.0
892 silly placeDep ROOT @turf/nearest-point-to-line@7.4.0 OK for: @turf/turf@7.4.0 want: 7.4.0
893 silly placeDep ROOT @turf/planepoint@7.4.0 OK for: @turf/turf@7.4.0 want: 7.4.0
894 silly placeDep ROOT @turf/point-grid@7.4.0 OK for: @turf/turf@7.4.0 want: 7.4.0
895 silly placeDep ROOT @turf/point-on-feature@7.4.0 OK for: @turf/turf@7.4.0 want: 7.4.0
896 silly placeDep ROOT @turf/point-to-line-distance@7.4.0 OK for: @turf/turf@7.4.0 want: 7.4.0
897 silly placeDep ROOT @turf/point-to-polygon-distance@7.4.0 OK for: @turf/turf@7.4.0 want: 7.4.0
898 silly placeDep ROOT @turf/points-within-polygon@7.4.0 OK for: @turf/turf@7.4.0 want: 7.4.0
899 silly placeDep ROOT @turf/polygon-smooth@7.4.0 OK for: @turf/turf@7.4.0 want: 7.4.0
900 silly placeDep ROOT @turf/polygon-tangents@7.4.0 OK for: @turf/turf@7.4.0 want: 7.4.0
901 silly placeDep ROOT @turf/polygon-to-line@7.4.0 OK for: @turf/turf@7.4.0 want: 7.4.0
902 silly placeDep ROOT @turf/polygonize@7.4.0 OK for: @turf/turf@7.4.0 want: 7.4.0
903 silly placeDep ROOT @turf/projection@7.4.0 OK for: @turf/turf@7.4.0 want: 7.4.0
904 silly placeDep ROOT @turf/quadrat-analysis@7.4.0 OK for: @turf/turf@7.4.0 want: 7.4.0
905 silly placeDep ROOT @turf/random@7.4.0 OK for: @turf/turf@7.4.0 want: 7.4.0
906 silly placeDep ROOT @turf/rectangle-grid@7.4.0 OK for: @turf/turf@7.4.0 want: 7.4.0
907 silly placeDep ROOT @turf/rewind@7.4.0 OK for: @turf/turf@7.4.0 want: 7.4.0
908 silly placeDep ROOT @turf/rhumb-bearing@7.4.0 OK for: @turf/turf@7.4.0 want: 7.4.0
909 silly placeDep ROOT @turf/rhumb-destination@7.4.0 OK for: @turf/turf@7.4.0 want: 7.4.0
910 silly placeDep ROOT @turf/rhumb-distance@7.4.0 OK for: @turf/turf@7.4.0 want: 7.4.0
911 silly placeDep ROOT @turf/sample@7.4.0 OK for: @turf/turf@7.4.0 want: 7.4.0
912 silly placeDep ROOT @turf/sector@7.4.0 OK for: @turf/turf@7.4.0 want: 7.4.0
913 silly placeDep ROOT @turf/shortest-path@7.4.0 OK for: @turf/turf@7.4.0 want: 7.4.0
914 silly placeDep ROOT @turf/simplify@7.4.0 OK for: @turf/turf@7.4.0 want: 7.4.0
915 silly placeDep ROOT @turf/square@7.4.0 OK for: @turf/turf@7.4.0 want: 7.4.0
916 silly placeDep ROOT @turf/square-grid@7.4.0 OK for: @turf/turf@7.4.0 want: 7.4.0
917 silly placeDep ROOT @turf/standard-deviational-ellipse@7.4.0 OK for: @turf/turf@7.4.0 want: 7.4.0
918 silly placeDep ROOT @turf/tag@7.4.0 OK for: @turf/turf@7.4.0 want: 7.4.0
919 silly placeDep ROOT @turf/tesselate@7.4.0 OK for: @turf/turf@7.4.0 want: 7.4.0
920 silly placeDep ROOT @turf/tin@7.4.0 OK for: @turf/turf@7.4.0 want: 7.4.0
921 silly placeDep ROOT @turf/transform-rotate@7.4.0 OK for: @turf/turf@7.4.0 want: 7.4.0
922 silly placeDep ROOT @turf/transform-scale@7.4.0 OK for: @turf/turf@7.4.0 want: 7.4.0
923 silly placeDep ROOT @turf/transform-translate@7.4.0 OK for: @turf/turf@7.4.0 want: 7.4.0
924 silly placeDep ROOT @turf/triangle-grid@7.4.0 OK for: @turf/turf@7.4.0 want: 7.4.0
925 silly placeDep ROOT @turf/truncate@7.4.0 OK for: @turf/turf@7.4.0 want: 7.4.0
926 silly placeDep ROOT @turf/union@7.4.0 OK for: @turf/turf@7.4.0 want: 7.4.0
927 silly placeDep ROOT @turf/unkink-polygon@7.4.0 OK for: @turf/turf@7.4.0 want: 7.4.0
928 silly placeDep ROOT @turf/voronoi@7.4.0 OK for: @turf/turf@7.4.0 want: 7.4.0
929 silly placeDep ROOT @types/geojson@7946.0.16 OK for: @turf/turf@7.4.0 want: ^7946.0.10
930 silly placeDep ROOT @types/kdbush@3.0.5 OK for: @turf/turf@7.4.0 want: ^3.0.5
931 silly placeDep ROOT tslib@2.8.1 OK for: @turf/turf@7.4.0 want: ^2.8.1
932 silly fetch manifest geojson-equality-ts@^1.0.2
933 silly packumentCache full:https://registry.npmjs.org/geojson-equality-ts cache-miss
934 silly fetch manifest geojson-equality-ts@^1.0.2
935 silly packumentCache full:https://registry.npmjs.org/geojson-equality-ts cache-miss
936 silly fetch manifest point-in-polygon-hao@^1.1.0
937 silly packumentCache full:https://registry.npmjs.org/point-in-polygon-hao cache-miss
938 silly fetch manifest geojson-polygon-self-intersections@^1.2.1
939 silly packumentCache full:https://registry.npmjs.org/geojson-polygon-self-intersections cache-miss
940 silly fetch manifest d3-geo@^2.0.2
941 silly packumentCache full:https://registry.npmjs.org/d3-geo cache-miss
942 silly fetch manifest @turf/jsts@^2.7.1
943 silly packumentCache full:https://registry.npmjs.org/@turf%2fjsts cache-miss
944 silly fetch manifest rbush@^3.0.1
945 silly packumentCache full:https://registry.npmjs.org/rbush cache-miss
946 silly fetch manifest skmeans@0.9.7
947 silly packumentCache full:https://registry.npmjs.org/skmeans cache-miss
948 silly fetch manifest rbush@^3.0.1
949 silly packumentCache full:https://registry.npmjs.org/rbush cache-miss
950 silly fetch manifest topojson-client@3.x
951 silly packumentCache full:https://registry.npmjs.org/topojson-client cache-miss
952 silly fetch manifest topojson-server@3.x
953 silly packumentCache full:https://registry.npmjs.org/topojson-server cache-miss
954 http fetch GET 200 https://registry.npmjs.org/topojson-server 25ms (cache miss)
955 silly packumentCache full:https://registry.npmjs.org/topojson-server set size:undefined disposed:false
956 silly fetch manifest concaveman@^1.2.1
957 silly packumentCache full:https://registry.npmjs.org/concaveman cache-miss
958 http fetch GET 200 https://registry.npmjs.org/topojson-client 31ms (cache miss)
959 silly packumentCache full:https://registry.npmjs.org/topojson-client set size:undefined disposed:false
960 silly fetch manifest polyclip-ts@^0.16.8
961 silly packumentCache full:https://registry.npmjs.org/polyclip-ts cache-miss
962 http fetch GET 200 https://registry.npmjs.org/d3-geo 63ms (cache miss)
963 silly packumentCache full:https://registry.npmjs.org/d3-geo set size:undefined disposed:false
964 silly fetch manifest polyclip-ts@^0.16.8
965 silly packumentCache full:https://registry.npmjs.org/polyclip-ts cache-miss
966 http fetch GET 200 https://registry.npmjs.org/rbush 252ms (cache miss)
967 silly packumentCache full:https://registry.npmjs.org/rbush set size:undefined disposed:false
968 silly fetch manifest arc@^0.2.0
969 silly packumentCache full:https://registry.npmjs.org/arc cache-miss
970 http fetch GET 200 https://registry.npmjs.org/geojson-polygon-self-intersections 270ms (cache miss)
971 silly packumentCache full:https://registry.npmjs.org/geojson-polygon-self-intersections set size:undefined disposed:false
972 silly fetch manifest polyclip-ts@^0.16.8
973 silly packumentCache full:https://registry.npmjs.org/polyclip-ts cache-miss
974 http fetch GET 200 https://registry.npmjs.org/geojson-equality-ts 275ms (cache miss)
975 silly packumentCache full:https://registry.npmjs.org/geojson-equality-ts set size:undefined disposed:false
976 silly fetch manifest tinyqueue@^2.0.3
977 silly packumentCache full:https://registry.npmjs.org/tinyqueue cache-miss
978 http fetch GET 200 https://registry.npmjs.org/skmeans 273ms (cache miss)
979 silly packumentCache full:https://registry.npmjs.org/skmeans set size:undefined disposed:false
980 silly fetch manifest robust-predicates@^2.0.4
981 silly packumentCache full:https://registry.npmjs.org/robust-predicates cache-miss
982 http fetch GET 200 https://registry.npmjs.org/point-in-polygon-hao 279ms (cache miss)
983 silly packumentCache full:https://registry.npmjs.org/point-in-polygon-hao set size:undefined disposed:false
984 silly fetch manifest fast-deep-equal@^3.1.3
985 silly packumentCache full:https://registry.npmjs.org/fast-deep-equal cache-miss
986 http fetch GET 200 https://registry.npmjs.org/geojson-equality-ts 281ms (cache miss)
987 silly packumentCache full:https://registry.npmjs.org/geojson-equality-ts set size:undefined disposed:false
988 silly fetch manifest polyclip-ts@^0.16.8
989 silly packumentCache full:https://registry.npmjs.org/polyclip-ts cache-miss
990 http fetch GET 200 https://registry.npmjs.org/rbush 280ms (cache miss)
991 silly packumentCache full:https://registry.npmjs.org/rbush set size:undefined disposed:false
992 silly fetch manifest earcut@^2.2.4
993 silly packumentCache full:https://registry.npmjs.org/earcut cache-miss
994 http fetch GET 200 https://registry.npmjs.org/concaveman 259ms (cache miss)
995 silly packumentCache full:https://registry.npmjs.org/concaveman set size:undefined disposed:false
996 silly fetch manifest @types/earcut@^2.1.4
997 silly packumentCache full:https://registry.npmjs.org/@types%2fearcut cache-miss
998 http fetch GET 200 https://registry.npmjs.org/polyclip-ts 270ms (cache miss)
999 silly packumentCache full:https://registry.npmjs.org/polyclip-ts set size:undefined disposed:false
1000 silly fetch manifest d3-voronoi@1.1.2
1001 silly packumentCache full:https://registry.npmjs.org/d3-voronoi cache-miss
1002 http fetch GET 200 https://registry.npmjs.org/fast-deep-equal 38ms (cache miss)
1003 silly packumentCache full:https://registry.npmjs.org/fast-deep-equal set size:undefined disposed:false
1004 silly fetch manifest @types/d3-voronoi@^1.1.12
1005 silly packumentCache full:https://registry.npmjs.org/@types%2fd3-voronoi cache-miss
1006 http fetch GET 200 https://registry.npmjs.org/robust-predicates 43ms (cache miss)
1007 silly packumentCache full:https://registry.npmjs.org/robust-predicates set size:undefined disposed:false
1008 http fetch GET 200 https://registry.npmjs.org/polyclip-ts 255ms (cache miss)
1009 silly packumentCache full:https://registry.npmjs.org/polyclip-ts set size:undefined disposed:false
1010 http fetch GET 200 https://registry.npmjs.org/arc 248ms (cache miss)
1011 silly packumentCache full:https://registry.npmjs.org/arc set size:undefined disposed:false
1012 http fetch GET 200 https://registry.npmjs.org/tinyqueue 257ms (cache miss)
1013 silly packumentCache full:https://registry.npmjs.org/tinyqueue set size:undefined disposed:false
1014 http fetch GET 200 https://registry.npmjs.org/polyclip-ts 264ms (cache miss)
1015 silly packumentCache full:https://registry.npmjs.org/polyclip-ts set size:undefined disposed:false
1016 http fetch GET 200 https://registry.npmjs.org/polyclip-ts 258ms (cache miss)
1017 silly packumentCache full:https://registry.npmjs.org/polyclip-ts set size:undefined disposed:false
1018 http fetch GET 200 https://registry.npmjs.org/earcut 263ms (cache miss)
1019 silly packumentCache full:https://registry.npmjs.org/earcut set size:undefined disposed:false
1020 http fetch GET 200 https://registry.npmjs.org/d3-voronoi 260ms (cache miss)
1021 silly packumentCache full:https://registry.npmjs.org/d3-voronoi set size:undefined disposed:false
1022 http fetch GET 200 https://registry.npmjs.org/@turf%2fjsts 646ms (cache miss)
1023 silly packumentCache full:https://registry.npmjs.org/@turf%2fjsts set size:undefined disposed:false
1024 http fetch GET 200 https://registry.npmjs.org/@types%2fearcut 490ms (cache miss)
1025 silly packumentCache full:https://registry.npmjs.org/@types%2fearcut set size:undefined disposed:false
1026 http fetch GET 200 https://registry.npmjs.org/@types%2fd3-voronoi 505ms (cache miss)
1027 silly packumentCache full:https://registry.npmjs.org/@types%2fd3-voronoi set size:undefined disposed:false
1028 silly placeDep ROOT geojson-equality-ts@1.0.2 OK for: @turf/boolean-equal@7.4.0 want: ^1.0.2
1029 silly placeDep ROOT point-in-polygon-hao@1.2.4 OK for: @turf/boolean-point-in-polygon@7.4.0 want: ^1.1.0
1030 silly fetch manifest robust-predicates@^3.0.2
1031 silly packumentCache full:https://registry.npmjs.org/robust-predicates cache-miss
1032 http cache https://registry.npmjs.org/robust-predicates 6ms (cache hit)
1033 silly packumentCache full:https://registry.npmjs.org/robust-predicates set size:42172 disposed:false
1034 silly placeDep ROOT geojson-polygon-self-intersections@1.2.2 OK for: @turf/boolean-valid@7.4.0 want: ^1.2.1
1035 silly fetch manifest rbush@^2.0.1
1036 silly packumentCache full:https://registry.npmjs.org/rbush cache-miss
1037 http cache https://registry.npmjs.org/rbush 5ms (cache hit)
1038 silly packumentCache full:https://registry.npmjs.org/rbush set size:56278 disposed:false
1039 silly placeDep ROOT @turf/jsts@2.7.2 OK for: @turf/buffer@7.4.0 want: ^2.7.1
1040 silly placeDep ROOT d3-geo@2.0.2 OK for: @turf/buffer@7.4.0 want: ^2.0.2
1041 silly fetch manifest jsts@2.7.1
1042 silly packumentCache full:https://registry.npmjs.org/jsts cache-miss
1043 silly fetch manifest d3-array@^2.5.0
1044 silly packumentCache full:https://registry.npmjs.org/d3-array cache-miss
1045 http fetch GET 200 https://registry.npmjs.org/d3-array 34ms (cache miss)
1046 silly packumentCache full:https://registry.npmjs.org/d3-array set size:undefined disposed:false
1047 http fetch GET 200 https://registry.npmjs.org/jsts 330ms (cache miss)
1048 silly packumentCache full:https://registry.npmjs.org/jsts set size:undefined disposed:false
1049 silly placeDep ROOT rbush@3.0.1 OK for: @turf/clusters-dbscan@7.4.0 want: ^3.0.1
1050 silly fetch manifest quickselect@^2.0.0
1051 silly packumentCache full:https://registry.npmjs.org/quickselect cache-miss
1052 http fetch GET 200 https://registry.npmjs.org/quickselect 252ms (cache miss)
1053 silly packumentCache full:https://registry.npmjs.org/quickselect set size:undefined disposed:false
1054 silly placeDep ROOT skmeans@0.9.7 OK for: @turf/clusters-kmeans@7.4.0 want: 0.9.7
1055 silly placeDep ROOT topojson-client@3.1.0 OK for: @turf/concave@7.4.0 want: 3.x
1056 silly placeDep ROOT topojson-server@3.0.1 OK for: @turf/concave@7.4.0 want: 3.x
1057 silly fetch manifest commander@2
1058 silly packumentCache full:https://registry.npmjs.org/commander cache-miss
1059 silly fetch manifest commander@2
1060 silly packumentCache full:https://registry.npmjs.org/commander cache-miss
1061 http fetch GET 200 https://registry.npmjs.org/commander 64ms (cache miss)
1062 silly packumentCache full:https://registry.npmjs.org/commander set size:undefined disposed:false
1063 http fetch GET 200 https://registry.npmjs.org/commander 70ms (cache miss)
1064 silly packumentCache full:https://registry.npmjs.org/commander set size:undefined disposed:false
1065 silly placeDep ROOT concaveman@1.2.1 OK for: @turf/convex@7.4.0 want: ^1.2.1
1066 silly fetch manifest point-in-polygon@^1.1.0
1067 silly packumentCache full:https://registry.npmjs.org/point-in-polygon cache-miss
1068 http fetch GET 200 https://registry.npmjs.org/point-in-polygon 248ms (cache miss)
1069 silly packumentCache full:https://registry.npmjs.org/point-in-polygon set size:undefined disposed:false
1070 silly placeDep ROOT polyclip-ts@0.16.8 OK for: @turf/difference@7.4.0 want: ^0.16.8
1071 silly fetch manifest bignumber.js@^9.1.0
1072 silly packumentCache full:https://registry.npmjs.org/bignumber.js cache-miss
1073 silly fetch manifest splaytree-ts@^1.0.2
1074 silly packumentCache full:https://registry.npmjs.org/splaytree-ts cache-miss
1075 http fetch GET 200 https://registry.npmjs.org/splaytree-ts 253ms (cache miss)
1076 silly packumentCache full:https://registry.npmjs.org/splaytree-ts set size:undefined disposed:false
1077 http fetch GET 200 https://registry.npmjs.org/bignumber.js 275ms (cache miss)
1078 silly packumentCache full:https://registry.npmjs.org/bignumber.js set size:undefined disposed:false
1079 silly placeDep ROOT arc@0.2.0 OK for: @turf/great-circle@7.4.0 want: ^0.2.0
1080 silly placeDep ROOT jsts@2.7.1 OK for: @turf/jsts@2.7.2 want: 2.7.1
1081 silly placeDep ROOT robust-predicates@2.0.4 OK for: @turf/line-intersect@7.4.0 want: ^2.0.4
1082 silly placeDep ROOT tinyqueue@2.0.3 OK for: @turf/line-intersect@7.4.0 want: ^2.0.3
1083 silly placeDep ROOT fast-deep-equal@3.1.3 OK for: @turf/line-overlap@7.4.0 want: ^3.1.3
1084 silly placeDep ROOT @types/earcut@2.1.4 OK for: @turf/tesselate@7.4.0 want: ^2.1.4
1085 silly placeDep ROOT earcut@2.2.4 OK for: @turf/tesselate@7.4.0 want: ^2.2.4
1086 silly placeDep ROOT @types/d3-voronoi@1.1.12 OK for: @turf/voronoi@7.4.0 want: ^1.1.12
1087 silly placeDep ROOT d3-voronoi@1.1.2 OK for: @turf/voronoi@7.4.0 want: 1.1.2
1088 silly placeDep ROOT undici-types@6.21.0 OK for: @types/node@20.19.43 want: ~6.21.0
1089 silly placeDep ROOT @types/prop-types@15.7.15 OK for: @types/react@18.3.31 want: *
1090 silly placeDep ROOT csstype@3.2.3 OK for: @types/react@18.3.31 want: ^3.2.2
1091 silly placeDep ROOT browserslist@4.28.8 OK for: autoprefixer@10.5.4 want: ^4.28.6
1092 silly placeDep ROOT caniuse-lite@1.0.30001810 OK for: autoprefixer@10.5.4 want: ^1.0.30001806
1093 silly placeDep ROOT fraction.js@5.3.4 OK for: autoprefixer@10.5.4 want: ^5.3.4
1094 silly placeDep ROOT picocolors@1.1.1 OK for: autoprefixer@10.5.4 want: ^1.1.1
1095 silly placeDep ROOT postcss-value-parser@4.2.0 OK for: autoprefixer@10.5.4 want: ^4.2.0
1096 silly fetch manifest caniuse-lite@^1.0.30001809
1097 silly packumentCache full:https://registry.npmjs.org/caniuse-lite cache-miss
1098 silly fetch manifest node-releases@^2.0.53
1099 silly packumentCache full:https://registry.npmjs.org/node-releases cache-miss
1100 silly fetch manifest electron-to-chromium@^1.5.402
1101 silly packumentCache full:https://registry.npmjs.org/electron-to-chromium cache-miss
1102 silly fetch manifest update-browserslist-db@^1.3.0
1103 silly packumentCache full:https://registry.npmjs.org/update-browserslist-db cache-miss
1104 silly fetch manifest baseline-browser-mapping@^2.11.12
1105 silly packumentCache full:https://registry.npmjs.org/baseline-browser-mapping cache-miss
1106 http cache https://registry.npmjs.org/caniuse-lite 10ms (cache hit)
1107 silly packumentCache full:https://registry.npmjs.org/caniuse-lite set size:2313344 disposed:false
1108 http fetch GET 200 https://registry.npmjs.org/update-browserslist-db 34ms (cache miss)
1109 silly packumentCache full:https://registry.npmjs.org/update-browserslist-db set size:undefined disposed:false
1110 http fetch GET 200 https://registry.npmjs.org/baseline-browser-mapping 42ms (cache miss)
1111 silly packumentCache full:https://registry.npmjs.org/baseline-browser-mapping set size:undefined disposed:false
1112 http fetch GET 200 https://registry.npmjs.org/node-releases 95ms (cache miss)
1113 silly packumentCache full:https://registry.npmjs.org/node-releases set size:undefined disposed:false
1114 http fetch GET 200 https://registry.npmjs.org/electron-to-chromium 303ms (cache miss)
1115 silly packumentCache full:https://registry.npmjs.org/electron-to-chromium set size:undefined disposed:false
1116 silly fetch manifest browserslist@>= 4.21.0
1117 silly packumentCache full:https://registry.npmjs.org/browserslist cache-miss
1118 http cache https://registry.npmjs.org/browserslist 12ms (cache hit)
1119 silly packumentCache full:https://registry.npmjs.org/browserslist set size:518659 disposed:false
1120 silly placeDep ROOT baseline-browser-mapping@2.11.20 OK for: browserslist@4.28.8 want: ^2.11.12
1121 silly placeDep ROOT electron-to-chromium@1.5.416 OK for: browserslist@4.28.8 want: ^1.5.402
1122 silly placeDep ROOT node-releases@2.0.54 OK for: browserslist@4.28.8 want: ^2.0.53
1123 silly placeDep ROOT update-browserslist-db@1.3.2 OK for: browserslist@4.28.8 want: ^1.3.0
1124 silly fetch manifest escalade@^3.2.0
1125 silly packumentCache full:https://registry.npmjs.org/escalade cache-miss
1126 http fetch GET 200 https://registry.npmjs.org/escalade 33ms (cache miss)
1127 silly packumentCache full:https://registry.npmjs.org/escalade set size:undefined disposed:false
1128 silly placeDep ROOT point-in-polygon@1.1.0 OK for: concaveman@1.2.1 want: ^1.1.0
1129 silly placeDep ROOT d3-array@2.12.1 OK for: d3-geo@2.0.2 want: ^2.5.0
1130 silly fetch manifest internmap@^1.0.0
1131 silly packumentCache full:https://registry.npmjs.org/internmap cache-miss
1132 http fetch GET 200 https://registry.npmjs.org/internmap 18ms (cache miss)
1133 silly packumentCache full:https://registry.npmjs.org/internmap set size:undefined disposed:false
1134 silly placeDep ROOT internmap@1.0.1 OK for: d3-array@2.12.1 want: ^1.0.0
1135 silly placeDep node_modules/geojson-polygon-self-intersections rbush@2.0.2 OK for: geojson-polygon-self-intersections@1.2.2 want: ^2.0.1
1136 silly fetch manifest quickselect@^1.0.1
1137 silly packumentCache full:https://registry.npmjs.org/quickselect cache-miss
1138 http cache https://registry.npmjs.org/quickselect 5ms (cache hit)
1139 silly packumentCache full:https://registry.npmjs.org/quickselect set size:11053 disposed:false
1140 silly fetch manifest react@^18.2.0
1141 silly packumentCache full:https://registry.npmjs.org/react cache-miss
1142 http cache https://registry.npmjs.org/react 19ms (cache hit)
1143 silly packumentCache full:https://registry.npmjs.org/react set size:6926968 disposed:false
1144 silly placeDep ROOT @next/env@14.2.35 OK for: next@14.2.35 want: 14.2.35
1145 silly placeDep ROOT @next/swc-darwin-arm64@14.2.33 OK for: next@14.2.35 want: 14.2.33
1146 silly placeDep ROOT @next/swc-darwin-x64@14.2.33 OK for: next@14.2.35 want: 14.2.33
1147 silly placeDep ROOT @next/swc-linux-arm64-gnu@14.2.33 OK for: next@14.2.35 want: 14.2.33
1148 silly placeDep ROOT @next/swc-linux-arm64-musl@14.2.33 OK for: next@14.2.35 want: 14.2.33
1149 silly placeDep ROOT @next/swc-linux-x64-gnu@14.2.33 OK for: next@14.2.35 want: 14.2.33
1150 silly placeDep ROOT @next/swc-linux-x64-musl@14.2.33 OK for: next@14.2.35 want: 14.2.33
1151 silly placeDep ROOT @next/swc-win32-arm64-msvc@14.2.33 OK for: next@14.2.35 want: 14.2.33
1152 silly placeDep ROOT @next/swc-win32-ia32-msvc@14.2.33 OK for: next@14.2.35 want: 14.2.33
1153 silly placeDep ROOT @next/swc-win32-x64-msvc@14.2.33 OK for: next@14.2.35 want: 14.2.33
1154 silly placeDep ROOT @swc/helpers@0.5.5 OK for: next@14.2.35 want: 0.5.5
1155 silly placeDep ROOT busboy@1.6.0 OK for: next@14.2.35 want: 1.6.0
1156 silly placeDep ROOT graceful-fs@4.2.11 OK for: next@14.2.35 want: ^4.2.11
1157 silly placeDep node_modules/next postcss@8.4.31 OK for: next@14.2.35 want: 8.4.31
1158 silly placeDep ROOT styled-jsx@5.1.1 OK for: next@14.2.35 want: 5.1.1
1159 silly fetch manifest @swc/counter@^0.1.3
1160 silly packumentCache full:https://registry.npmjs.org/@swc%2fcounter cache-miss
1161 silly fetch manifest streamsearch@^1.1.0
1162 silly packumentCache full:https://registry.npmjs.org/streamsearch cache-miss
1163 silly fetch manifest nanoid@^3.3.6
1164 silly packumentCache full:https://registry.npmjs.org/nanoid cache-miss
1165 silly fetch manifest source-map-js@^1.0.2
1166 silly packumentCache full:https://registry.npmjs.org/source-map-js cache-miss
1167 silly fetch manifest client-only@0.0.1
1168 silly packumentCache full:https://registry.npmjs.org/client-only cache-miss
1169 http cache https://registry.npmjs.org/source-map-js 15ms (cache hit)
1170 silly packumentCache full:https://registry.npmjs.org/source-map-js set size:62640 disposed:false
1171 http cache https://registry.npmjs.org/nanoid 17ms (cache hit)
1172 silly packumentCache full:https://registry.npmjs.org/nanoid set size:342705 disposed:false
1173 http fetch GET 200 https://registry.npmjs.org/streamsearch 28ms (cache miss)
1174 silly packumentCache full:https://registry.npmjs.org/streamsearch set size:undefined disposed:false
1175 http fetch GET 200 https://registry.npmjs.org/client-only 27ms (cache miss)
1176 silly packumentCache full:https://registry.npmjs.org/client-only set size:undefined disposed:false
1177 http fetch GET 200 https://registry.npmjs.org/@swc%2fcounter 261ms (cache miss)
1178 silly packumentCache full:https://registry.npmjs.org/@swc%2fcounter set size:undefined disposed:false
1179 silly placeDep ROOT @swc/counter@0.1.3 OK for: @swc/helpers@0.5.5 want: ^0.1.3
1180 silly placeDep ROOT streamsearch@1.1.0 OK for: busboy@1.6.0 want: ^1.1.0
1181 silly placeDep node_modules/point-in-polygon-hao robust-predicates@3.0.3 OK for: point-in-polygon-hao@1.2.4 want: ^3.0.2
1182 silly placeDep ROOT bignumber.js@9.3.1 OK for: polyclip-ts@0.16.8 want: ^9.1.0
1183 silly placeDep ROOT splaytree-ts@1.0.2 OK for: polyclip-ts@0.16.8 want: ^1.0.2
1184 silly placeDep ROOT nanoid@3.3.18 OK for: postcss@8.5.26 want: ^3.3.17
1185 silly placeDep ROOT source-map-js@1.2.1 OK for: postcss@8.5.26 want: ^1.2.1
1186 silly placeDep ROOT quickselect@2.0.0 OK for: rbush@3.0.1 want: ^2.0.0
1187 silly placeDep ROOT loose-envify@1.4.0 OK for: react@18.3.1 want: ^1.1.0
1188 silly fetch manifest js-tokens@^3.0.0 || ^4.0.0
1189 silly packumentCache full:https://registry.npmjs.org/js-tokens cache-miss
1190 http fetch GET 200 https://registry.npmjs.org/js-tokens 22ms (cache miss)
1191 silly packumentCache full:https://registry.npmjs.org/js-tokens set size:undefined disposed:false
1192 silly placeDep ROOT js-tokens@4.0.0 OK for: loose-envify@1.4.0 want: ^3.0.0 || ^4.0.0
1193 silly placeDep ROOT scheduler@0.23.2 OK for: react-dom@18.3.1 want: ^0.23.2
1194 silly fetch manifest leaflet@^1.9.0
1195 silly packumentCache full:https://registry.npmjs.org/leaflet cache-miss
1196 http cache https://registry.npmjs.org/leaflet 5ms (cache hit)
1197 silly packumentCache full:https://registry.npmjs.org/leaflet set size:146664 disposed:false
1198 silly fetch manifest react@^18.0.0
1199 silly packumentCache full:https://registry.npmjs.org/react cache-miss
1200 http cache https://registry.npmjs.org/react 18ms (cache hit)
1201 silly packumentCache full:https://registry.npmjs.org/react set size:6926968 disposed:false
1202 silly fetch manifest react-dom@^18.0.0
1203 silly packumentCache full:https://registry.npmjs.org/react-dom cache-miss
1204 http cache https://registry.npmjs.org/react-dom 24ms (cache hit)
1205 silly packumentCache full:https://registry.npmjs.org/react-dom set size:9313795 disposed:false
1206 silly placeDep ROOT @react-leaflet/core@2.1.0 OK for: react-leaflet@4.2.1 want: ^2.1.0
1207 silly fetch manifest react@^16.0.0 || ^17.0.0 || ^18.0.0 || ^19.0.0
1208 silly packumentCache full:https://registry.npmjs.org/react cache-miss
1209 http cache https://registry.npmjs.org/react 24ms (cache hit)
1210 silly packumentCache full:https://registry.npmjs.org/react set size:6926968 disposed:false
1211 silly fetch manifest react-dom@^16.0.0 || ^17.0.0 || ^18.0.0 || ^19.0.0
1212 silly packumentCache full:https://registry.npmjs.org/react-dom cache-miss
1213 http cache https://registry.npmjs.org/react-dom 26ms (cache hit)
1214 silly packumentCache full:https://registry.npmjs.org/react-dom set size:9313795 disposed:false
1215 silly placeDep ROOT clsx@2.1.1 OK for: recharts@2.15.4 want: ^2.0.0
1216 silly placeDep ROOT eventemitter3@4.0.7 OK for: recharts@2.15.4 want: ^4.0.1
1217 silly placeDep ROOT lodash@4.18.1 OK for: recharts@2.15.4 want: ^4.17.21
1218 silly placeDep ROOT react-is@18.3.1 OK for: recharts@2.15.4 want: ^18.3.1
1219 silly placeDep ROOT react-smooth@4.0.4 OK for: recharts@2.15.4 want: ^4.0.4
1220 silly placeDep ROOT recharts-scale@0.4.5 OK for: recharts@2.15.4 want: ^0.4.4
1221 silly placeDep ROOT tiny-invariant@1.3.3 OK for: recharts@2.15.4 want: ^1.3.1
1222 silly placeDep ROOT victory-vendor@36.9.2 OK for: recharts@2.15.4 want: ^36.6.8
1223 silly fetch manifest fast-equals@^5.0.1
1224 silly packumentCache full:https://registry.npmjs.org/fast-equals cache-miss
1225 silly fetch manifest prop-types@^15.8.1
1226 silly packumentCache full:https://registry.npmjs.org/prop-types cache-miss
1227 silly fetch manifest react-transition-group@^4.4.5
1228 silly packumentCache full:https://registry.npmjs.org/react-transition-group cache-miss
1229 silly fetch manifest decimal.js-light@^2.4.1
1230 silly packumentCache full:https://registry.npmjs.org/decimal.js-light cache-miss
1231 silly fetch manifest d3-ease@^3.0.1
1232 silly packumentCache full:https://registry.npmjs.org/d3-ease cache-miss
1233 silly fetch manifest d3-time@^3.0.0
1234 silly packumentCache full:https://registry.npmjs.org/d3-time cache-miss
1235 silly fetch manifest d3-array@^3.1.6
1236 silly packumentCache full:https://registry.npmjs.org/d3-array cache-miss
1237 silly fetch manifest d3-scale@^4.0.2
1238 silly packumentCache full:https://registry.npmjs.org/d3-scale cache-miss
1239 silly fetch manifest d3-shape@^3.1.0
1240 silly packumentCache full:https://registry.npmjs.org/d3-shape cache-miss
1241 silly fetch manifest d3-timer@^3.0.1
1242 silly packumentCache full:https://registry.npmjs.org/d3-timer cache-miss
1243 silly fetch manifest @types/d3-ease@^3.0.0
1244 silly packumentCache full:https://registry.npmjs.org/@types%2fd3-ease cache-miss
1245 http cache https://registry.npmjs.org/d3-array 19ms (cache hit)
1246 silly packumentCache full:https://registry.npmjs.org/d3-array set size:246308 disposed:false
1247 silly fetch manifest @types/d3-time@^3.0.0
1248 silly packumentCache full:https://registry.npmjs.org/@types%2fd3-time cache-miss
1249 http fetch GET 200 https://registry.npmjs.org/react-transition-group 32ms (cache miss)
1250 silly packumentCache full:https://registry.npmjs.org/react-transition-group set size:undefined disposed:false
1251 silly fetch manifest d3-interpolate@^3.0.1
1252 silly packumentCache full:https://registry.npmjs.org/d3-interpolate cache-miss
1253 http fetch GET 200 https://registry.npmjs.org/decimal.js-light 42ms (cache miss)
1254 silly packumentCache full:https://registry.npmjs.org/decimal.js-light set size:undefined disposed:false
1255 silly fetch manifest @types/d3-array@^3.0.3
1256 silly packumentCache full:https://registry.npmjs.org/@types%2fd3-array cache-miss
1257 http fetch GET 200 https://registry.npmjs.org/prop-types 49ms (cache miss)
1258 silly packumentCache full:https://registry.npmjs.org/prop-types set size:undefined disposed:false
1259 silly fetch manifest @types/d3-scale@^4.0.2
1260 silly packumentCache full:https://registry.npmjs.org/@types%2fd3-scale cache-miss
1261 http fetch GET 200 https://registry.npmjs.org/@types%2fd3-ease 49ms (cache miss)
1262 silly packumentCache full:https://registry.npmjs.org/@types%2fd3-ease set size:undefined disposed:false
1263 silly fetch manifest @types/d3-shape@^3.1.0
1264 silly packumentCache full:https://registry.npmjs.org/@types%2fd3-shape cache-miss
1265 http fetch GET 200 https://registry.npmjs.org/d3-timer 61ms (cache miss)
1266 silly packumentCache full:https://registry.npmjs.org/d3-timer set size:undefined disposed:false
1267 silly fetch manifest @types/d3-timer@^3.0.0
1268 silly packumentCache full:https://registry.npmjs.org/@types%2fd3-timer cache-miss
1269 http fetch GET 200 https://registry.npmjs.org/d3-time 66ms (cache miss)
1270 silly packumentCache full:https://registry.npmjs.org/d3-time set size:undefined disposed:false
1271 silly fetch manifest @types/d3-interpolate@^3.0.1
1272 silly packumentCache full:https://registry.npmjs.org/@types%2fd3-interpolate cache-miss
1273 http fetch GET 200 https://registry.npmjs.org/@types%2fd3-time 48ms (cache miss)
1274 silly packumentCache full:https://registry.npmjs.org/@types%2fd3-time set size:undefined disposed:false
1275 http fetch GET 200 https://registry.npmjs.org/d3-interpolate 43ms (cache miss)
1276 silly packumentCache full:https://registry.npmjs.org/d3-interpolate set size:undefined disposed:false
1277 http fetch GET 200 https://registry.npmjs.org/fast-equals 83ms (cache miss)
1278 silly packumentCache full:https://registry.npmjs.org/fast-equals set size:undefined disposed:false
1279 http fetch GET 200 https://registry.npmjs.org/d3-shape 86ms (cache miss)
1280 silly packumentCache full:https://registry.npmjs.org/d3-shape set size:undefined disposed:false
1281 http fetch GET 200 https://registry.npmjs.org/d3-scale 94ms (cache miss)
1282 silly packumentCache full:https://registry.npmjs.org/d3-scale set size:undefined disposed:false
1283 http fetch GET 200 https://registry.npmjs.org/@types%2fd3-scale 50ms (cache miss)
1284 silly packumentCache full:https://registry.npmjs.org/@types%2fd3-scale set size:undefined disposed:false
1285 http fetch GET 200 https://registry.npmjs.org/@types%2fd3-array 60ms (cache miss)
1286 silly packumentCache full:https://registry.npmjs.org/@types%2fd3-array set size:undefined disposed:false
1287 http fetch GET 200 https://registry.npmjs.org/@types%2fd3-shape 53ms (cache miss)
1288 silly packumentCache full:https://registry.npmjs.org/@types%2fd3-shape set size:undefined disposed:false
1289 http fetch GET 200 https://registry.npmjs.org/@types%2fd3-interpolate 36ms (cache miss)
1290 silly packumentCache full:https://registry.npmjs.org/@types%2fd3-interpolate set size:undefined disposed:false
1291 http fetch GET 200 https://registry.npmjs.org/d3-ease 261ms (cache miss)
1292 silly packumentCache full:https://registry.npmjs.org/d3-ease set size:undefined disposed:false
1293 http fetch GET 200 https://registry.npmjs.org/@types%2fd3-timer 243ms (cache miss)
1294 silly packumentCache full:https://registry.npmjs.org/@types%2fd3-timer set size:undefined disposed:false
1295 silly fetch manifest react@^16.8.0 || ^17.0.0 || ^18.0.0 || ^19.0.0
1296 silly packumentCache full:https://registry.npmjs.org/react cache-miss
1297 http cache https://registry.npmjs.org/react 15ms (cache hit)
1298 silly packumentCache full:https://registry.npmjs.org/react set size:6926968 disposed:false
1299 silly fetch manifest react-dom@^16.8.0 || ^17.0.0 || ^18.0.0 || ^19.0.0
1300 silly packumentCache full:https://registry.npmjs.org/react-dom cache-miss
1301 http cache https://registry.npmjs.org/react-dom 26ms (cache hit)
1302 silly packumentCache full:https://registry.npmjs.org/react-dom set size:9313795 disposed:false
1303 silly placeDep ROOT fast-equals@5.4.1 OK for: react-smooth@4.0.4 want: ^5.0.1
1304 silly placeDep ROOT prop-types@15.8.1 OK for: react-smooth@4.0.4 want: ^15.8.1
1305 silly placeDep ROOT react-transition-group@4.4.5 OK for: react-smooth@4.0.4 want: ^4.4.5
1306 silly fetch manifest object-assign@^4.1.1
1307 silly packumentCache full:https://registry.npmjs.org/object-assign cache-miss
1308 silly fetch manifest react-is@^16.13.1
1309 silly packumentCache full:https://registry.npmjs.org/react-is cache-miss
1310 silly fetch manifest @babel/runtime@^7.5.5
1311 silly packumentCache full:https://registry.npmjs.org/@babel%2fruntime cache-miss
1312 silly fetch manifest dom-helpers@^5.0.1
1313 silly packumentCache full:https://registry.npmjs.org/dom-helpers cache-miss
1314 http cache https://registry.npmjs.org/react-is 24ms (cache hit)
1315 silly packumentCache full:https://registry.npmjs.org/react-is set size:5605732 disposed:false
1316 http fetch GET 200 https://registry.npmjs.org/object-assign 67ms (cache miss)
1317 silly packumentCache full:https://registry.npmjs.org/object-assign set size:undefined disposed:false
1318 http fetch GET 200 https://registry.npmjs.org/dom-helpers 68ms (cache miss)
1319 silly packumentCache full:https://registry.npmjs.org/dom-helpers set size:undefined disposed:false
1320 http fetch GET 200 https://registry.npmjs.org/@babel%2fruntime 162ms (cache miss)
1321 silly packumentCache full:https://registry.npmjs.org/@babel%2fruntime set size:undefined disposed:false
1322 silly placeDep ROOT object-assign@4.1.1 OK for: prop-types@15.8.1 want: ^4.1.1
1323 silly placeDep node_modules/prop-types react-is@16.13.1 OK for: prop-types@15.8.1 want: ^16.13.1
1324 silly placeDep ROOT @babel/runtime@7.29.7 OK for: react-transition-group@4.4.5 want: ^7.5.5
1325 silly placeDep ROOT dom-helpers@5.2.1 OK for: react-transition-group@4.4.5 want: ^5.0.1
1326 silly placeDep ROOT decimal.js-light@2.5.1 OK for: recharts-scale@0.4.5 want: ^2.4.1
1327 silly placeDep ROOT client-only@0.0.1 OK for: styled-jsx@5.1.1 want: 0.0.1
1328 silly fetch manifest postcss@^8.4.47
1329 silly packumentCache full:https://registry.npmjs.org/postcss cache-hit
1330 silly fetch manifest tsx@^4.8.1
1331 silly packumentCache full:https://registry.npmjs.org/tsx cache-miss
1332 http cache https://registry.npmjs.org/tsx 6ms (cache hit)
1333 silly packumentCache full:https://registry.npmjs.org/tsx set size:344351 disposed:false
1334 silly fetch manifest yaml@^2.4.2
1335 silly packumentCache full:https://registry.npmjs.org/yaml cache-miss
1336 http fetch GET 200 https://registry.npmjs.org/yaml 55ms (cache miss)
1337 silly packumentCache full:https://registry.npmjs.org/yaml set size:undefined disposed:false
1338 silly placeDep ROOT @alloc/quick-lru@5.2.0 OK for: tailwindcss@3.4.19 want: ^5.2.0
1339 silly placeDep ROOT arg@5.0.2 OK for: tailwindcss@3.4.19 want: ^5.0.2
1340 silly placeDep ROOT chokidar@3.6.0 OK for: tailwindcss@3.4.19 want: ^3.6.0
1341 silly placeDep ROOT didyoumean@1.2.2 OK for: tailwindcss@3.4.19 want: ^1.2.2
1342 silly placeDep ROOT dlv@1.1.3 OK for: tailwindcss@3.4.19 want: ^1.1.3
1343 silly placeDep ROOT fast-glob@3.3.3 OK for: tailwindcss@3.4.19 want: ^3.3.2
1344 silly placeDep ROOT glob-parent@6.0.2 OK for: tailwindcss@3.4.19 want: ^6.0.2
1345 silly placeDep ROOT is-glob@4.0.3 OK for: tailwindcss@3.4.19 want: ^4.0.3
1346 silly placeDep ROOT jiti@1.21.7 OK for: tailwindcss@3.4.19 want: ^1.21.7
1347 silly placeDep ROOT lilconfig@3.1.3 OK for: tailwindcss@3.4.19 want: ^3.1.3
1348 silly placeDep ROOT micromatch@4.0.8 OK for: tailwindcss@3.4.19 want: ^4.0.8
1349 silly placeDep ROOT normalize-path@3.0.0 OK for: tailwindcss@3.4.19 want: ^3.0.0
1350 silly placeDep ROOT object-hash@3.0.0 OK for: tailwindcss@3.4.19 want: ^3.0.0
1351 silly placeDep ROOT postcss-import@15.1.0 OK for: tailwindcss@3.4.19 want: ^15.1.0
1352 silly placeDep ROOT postcss-js@4.1.0 OK for: tailwindcss@3.4.19 want: ^4.0.1
1353 silly placeDep ROOT postcss-load-config@6.0.1 OK for: tailwindcss@3.4.19 want: ^4.0.2 || ^5.0 || ^6.0
1354 silly placeDep ROOT postcss-nested@6.2.0 OK for: tailwindcss@3.4.19 want: ^6.2.0
1355 silly placeDep ROOT postcss-selector-parser@6.1.4 OK for: tailwindcss@3.4.19 want: ^6.1.2
1356 silly placeDep ROOT resolve@1.22.12 OK for: tailwindcss@3.4.19 want: ^1.22.8
1357 silly placeDep ROOT sucrase@3.35.1 OK for: tailwindcss@3.4.19 want: ^3.35.0
1358 silly fetch manifest braces@~3.0.2
1359 silly packumentCache full:https://registry.npmjs.org/braces cache-miss
1360 silly fetch manifest is-glob@~4.0.1
1361 silly packumentCache full:https://registry.npmjs.org/is-glob cache-miss
1362 silly fetch manifest anymatch@~3.1.2
1363 silly packumentCache full:https://registry.npmjs.org/anymatch cache-miss
1364 silly fetch manifest readdirp@~3.6.0
1365 silly packumentCache full:https://registry.npmjs.org/readdirp cache-miss
1366 silly fetch manifest glob-parent@~5.1.2
1367 silly packumentCache full:https://registry.npmjs.org/glob-parent cache-miss
1368 silly fetch manifest is-binary-path@~2.1.0
1369 silly packumentCache full:https://registry.npmjs.org/is-binary-path cache-miss
1370 silly fetch manifest normalize-path@~3.0.0
1371 silly packumentCache full:https://registry.npmjs.org/normalize-path cache-miss
1372 silly fetch manifest fsevents@~2.3.2
1373 silly packumentCache full:https://registry.npmjs.org/fsevents cache-miss
1374 silly fetch manifest @nodelib/fs.stat@^2.0.2
1375 silly packumentCache full:https://registry.npmjs.org/@nodelib%2ffs.stat cache-miss
1376 silly fetch manifest @nodelib/fs.walk@^1.2.3
1377 silly packumentCache full:https://registry.npmjs.org/@nodelib%2ffs.walk cache-miss
1378 silly fetch manifest glob-parent@^5.1.2
1379 silly packumentCache full:https://registry.npmjs.org/glob-parent cache-miss
1380 http cache https://registry.npmjs.org/glob-parent 13ms (cache hit)
1381 silly packumentCache full:https://registry.npmjs.org/glob-parent set size:42445 disposed:false
1382 silly fetch manifest merge2@^1.3.0
1383 silly packumentCache full:https://registry.npmjs.org/merge2 cache-miss
1384 http cache https://registry.npmjs.org/is-glob 16ms (cache hit)
1385 silly packumentCache full:https://registry.npmjs.org/is-glob set size:40530 disposed:false
1386 silly fetch manifest is-extglob@^2.1.1
1387 silly packumentCache full:https://registry.npmjs.org/is-extglob cache-miss
1388 http cache https://registry.npmjs.org/normalize-path 16ms (cache hit)
1389 silly packumentCache full:https://registry.npmjs.org/normalize-path set size:28713 disposed:false
1390 silly fetch manifest braces@^3.0.3
1391 silly packumentCache full:https://registry.npmjs.org/braces cache-miss
1392 http cache https://registry.npmjs.org/fsevents 17ms (cache hit)
1393 silly packumentCache full:https://registry.npmjs.org/fsevents set size:182472 disposed:false
1394 silly fetch manifest picomatch@^2.3.1
1395 silly packumentCache full:https://registry.npmjs.org/picomatch cache-miss
1396 http cache https://registry.npmjs.org/glob-parent 21ms (cache hit)
1397 silly packumentCache full:https://registry.npmjs.org/glob-parent set size:42445 disposed:false
1398 silly packumentCache full:https://registry.npmjs.org/glob-parent dispose
1399 silly fetch manifest resolve@^1.1.7
1400 silly packumentCache full:https://registry.npmjs.org/resolve cache-miss
1401 http cache https://registry.npmjs.org/resolve 8ms (cache hit)
1402 silly packumentCache full:https://registry.npmjs.org/resolve set size:244568 disposed:false
1403 silly fetch manifest read-cache@^1.0.0
1404 silly packumentCache full:https://registry.npmjs.org/read-cache cache-miss
1405 http fetch GET 200 https://registry.npmjs.org/readdirp 46ms (cache miss)
1406 silly packumentCache full:https://registry.npmjs.org/readdirp set size:undefined disposed:false
1407 silly fetch manifest camelcase-css@^2.0.1
1408 silly packumentCache full:https://registry.npmjs.org/camelcase-css cache-miss
1409 http fetch GET 200 https://registry.npmjs.org/anymatch 54ms (cache miss)
1410 silly packumentCache full:https://registry.npmjs.org/anymatch set size:undefined disposed:false
1411 silly fetch manifest postcss-selector-parser@^6.1.1
1412 silly packumentCache full:https://registry.npmjs.org/postcss-selector-parser cache-miss
1413 http fetch GET 200 https://registry.npmjs.org/is-binary-path 57ms (cache miss)
1414 silly packumentCache full:https://registry.npmjs.org/is-binary-path set size:undefined disposed:false
1415 silly fetch manifest cssesc@^3.0.0
1416 silly packumentCache full:https://registry.npmjs.org/cssesc cache-miss
1417 http fetch GET 200 https://registry.npmjs.org/@nodelib%2ffs.walk 56ms (cache miss)
1418 silly packumentCache full:https://registry.npmjs.org/@nodelib%2ffs.walk set size:undefined disposed:false
1419 silly fetch manifest util-deprecate@^1.0.2
1420 silly packumentCache full:https://registry.npmjs.org/util-deprecate cache-miss
1421 http fetch GET 200 https://registry.npmjs.org/@nodelib%2ffs.stat 60ms (cache miss)
1422 silly packumentCache full:https://registry.npmjs.org/@nodelib%2ffs.stat set size:undefined disposed:false
1423 silly fetch manifest es-errors@^1.3.0
1424 silly packumentCache full:https://registry.npmjs.org/es-errors cache-miss
1425 http fetch GET 200 https://registry.npmjs.org/is-extglob 45ms (cache miss)
1426 silly packumentCache full:https://registry.npmjs.org/is-extglob set size:undefined disposed:false
1427 silly fetch manifest path-parse@^1.0.7
1428 silly packumentCache full:https://registry.npmjs.org/path-parse cache-miss
1429 http fetch GET 200 https://registry.npmjs.org/merge2 52ms (cache miss)
1430 silly packumentCache full:https://registry.npmjs.org/merge2 set size:undefined disposed:false
1431 silly fetch manifest is-core-module@^2.16.1
1432 silly packumentCache full:https://registry.npmjs.org/is-core-module cache-miss
1433 http cache https://registry.npmjs.org/postcss-selector-parser 16ms (cache hit)
1434 silly packumentCache full:https://registry.npmjs.org/postcss-selector-parser set size:196939 disposed:false
1435 silly fetch manifest supports-preserve-symlinks-flag@^1.0.0
1436 silly packumentCache full:https://registry.npmjs.org/supports-preserve-symlinks-flag cache-miss
1437 http fetch GET 200 https://registry.npmjs.org/picomatch 53ms (cache miss)
1438 silly packumentCache full:https://registry.npmjs.org/picomatch set size:undefined disposed:false
1439 silly fetch manifest @jridgewell/gen-mapping@^0.3.2
1440 silly packumentCache full:https://registry.npmjs.org/@jridgewell%2fgen-mapping cache-miss
1441 http fetch GET 200 https://registry.npmjs.org/util-deprecate 25ms (cache miss)
1442 silly packumentCache full:https://registry.npmjs.org/util-deprecate set size:undefined disposed:false
1443 silly fetch manifest commander@^4.0.0
1444 silly packumentCache full:https://registry.npmjs.org/commander cache-miss
1445 http fetch GET 200 https://registry.npmjs.org/path-parse 22ms (cache miss)
1446 silly packumentCache full:https://registry.npmjs.org/path-parse set size:undefined disposed:false
1447 silly fetch manifest lines-and-columns@^1.1.6
1448 silly packumentCache full:https://registry.npmjs.org/lines-and-columns cache-miss
1449 http fetch GET 200 https://registry.npmjs.org/es-errors 26ms (cache miss)
1450 silly packumentCache full:https://registry.npmjs.org/es-errors set size:undefined disposed:false
1451 silly fetch manifest mz@^2.7.0
1452 silly packumentCache full:https://registry.npmjs.org/mz cache-miss
1453 http fetch GET 200 https://registry.npmjs.org/cssesc 34ms (cache miss)
1454 silly packumentCache full:https://registry.npmjs.org/cssesc set size:undefined disposed:false
1455 silly fetch manifest pirates@^4.0.1
1456 silly packumentCache full:https://registry.npmjs.org/pirates cache-miss
1457 http cache https://registry.npmjs.org/commander 9ms (cache hit)
1458 silly packumentCache full:https://registry.npmjs.org/commander set size:353115 disposed:false
1459 silly fetch manifest tinyglobby@^0.2.11
1460 silly packumentCache full:https://registry.npmjs.org/tinyglobby cache-miss
1461 http fetch GET 200 https://registry.npmjs.org/is-core-module 34ms (cache miss)
1462 silly packumentCache full:https://registry.npmjs.org/is-core-module set size:undefined disposed:false
1463 silly fetch manifest ts-interface-checker@^0.1.9
1464 silly packumentCache full:https://registry.npmjs.org/ts-interface-checker cache-miss
1465 http fetch GET 200 https://registry.npmjs.org/supports-preserve-symlinks-flag 32ms (cache miss)
1466 silly packumentCache full:https://registry.npmjs.org/supports-preserve-symlinks-flag set size:undefined disposed:false
1467 http fetch GET 200 https://registry.npmjs.org/lines-and-columns 23ms (cache miss)
1468 silly packumentCache full:https://registry.npmjs.org/lines-and-columns set size:undefined disposed:false
1469 http fetch GET 200 https://registry.npmjs.org/mz 24ms (cache miss)
1470 silly packumentCache full:https://registry.npmjs.org/mz set size:undefined disposed:false
1471 http fetch GET 200 https://registry.npmjs.org/@jridgewell%2fgen-mapping 42ms (cache miss)
1472 silly packumentCache full:https://registry.npmjs.org/@jridgewell%2fgen-mapping set size:undefined disposed:false
1473 http fetch GET 200 https://registry.npmjs.org/pirates 27ms (cache miss)
1474 silly packumentCache full:https://registry.npmjs.org/pirates set size:undefined disposed:false
1475 http fetch GET 200 https://registry.npmjs.org/ts-interface-checker 24ms (cache miss)
1476 silly packumentCache full:https://registry.npmjs.org/ts-interface-checker set size:undefined disposed:false
1477 http fetch GET 200 https://registry.npmjs.org/tinyglobby 28ms (cache miss)
1478 silly packumentCache full:https://registry.npmjs.org/tinyglobby set size:undefined disposed:false
1479 http fetch GET 200 https://registry.npmjs.org/braces 266ms (cache miss)
1480 silly packumentCache full:https://registry.npmjs.org/braces set size:undefined disposed:false
1481 http fetch GET 200 https://registry.npmjs.org/read-cache 256ms (cache miss)
1482 silly packumentCache full:https://registry.npmjs.org/read-cache set size:undefined disposed:false
1483 http fetch GET 200 https://registry.npmjs.org/braces 278ms (cache miss)
1484 silly packumentCache full:https://registry.npmjs.org/braces set size:undefined disposed:false
1485 http fetch GET 200 https://registry.npmjs.org/camelcase-css 268ms (cache miss)
1486 silly packumentCache full:https://registry.npmjs.org/camelcase-css set size:undefined disposed:false
1487 silly placeDep ROOT anymatch@3.1.3 OK for: chokidar@3.6.0 want: ~3.1.2
1488 silly placeDep ROOT braces@3.0.3 OK for: chokidar@3.6.0 want: ~3.0.2
1489 silly placeDep ROOT fsevents@2.3.3 OK for: chokidar@3.6.0 want: ~2.3.2
1490 silly placeDep node_modules/chokidar glob-parent@5.1.2 OK for: chokidar@3.6.0 want: ~5.1.2
1491 silly placeDep ROOT is-binary-path@2.1.0 OK for: chokidar@3.6.0 want: ~2.1.0
1492 silly placeDep ROOT readdirp@3.6.0 OK for: chokidar@3.6.0 want: ~3.6.0
1493 silly fetch manifest picomatch@^2.0.4
1494 silly packumentCache full:https://registry.npmjs.org/picomatch cache-miss
1495 silly fetch manifest fill-range@^7.1.1
1496 silly packumentCache full:https://registry.npmjs.org/fill-range cache-miss
1497 silly fetch manifest binary-extensions@^2.0.0
1498 silly packumentCache full:https://registry.npmjs.org/binary-extensions cache-miss
1499 silly fetch manifest picomatch@^2.2.1
1500 silly packumentCache full:https://registry.npmjs.org/picomatch cache-miss
1501 http cache https://registry.npmjs.org/picomatch 18ms (cache hit)
1502 silly packumentCache full:https://registry.npmjs.org/picomatch set size:134451 disposed:false
1503 http cache https://registry.npmjs.org/picomatch 20ms (cache hit)
1504 silly packumentCache full:https://registry.npmjs.org/picomatch set size:134451 disposed:false
1505 silly packumentCache full:https://registry.npmjs.org/picomatch dispose
1506 http fetch GET 200 https://registry.npmjs.org/binary-extensions 24ms (cache miss)
1507 silly packumentCache full:https://registry.npmjs.org/binary-extensions set size:undefined disposed:false
1508 http fetch GET 200 https://registry.npmjs.org/fill-range 28ms (cache miss)
1509 silly packumentCache full:https://registry.npmjs.org/fill-range set size:undefined disposed:false
1510 silly placeDep ROOT picomatch@2.3.2 OK for: anymatch@3.1.3 want: ^2.0.4
1511 silly placeDep ROOT fill-range@7.1.1 OK for: braces@3.0.3 want: ^7.1.1
1512 silly fetch manifest to-regex-range@^5.0.1
1513 silly packumentCache full:https://registry.npmjs.org/to-regex-range cache-miss
1514 http fetch GET 200 https://registry.npmjs.org/to-regex-range 22ms (cache miss)
1515 silly packumentCache full:https://registry.npmjs.org/to-regex-range set size:undefined disposed:false
1516 silly placeDep ROOT @nodelib/fs.stat@2.0.5 OK for: fast-glob@3.3.3 want: ^2.0.2
1517 silly placeDep ROOT @nodelib/fs.walk@1.2.8 OK for: fast-glob@3.3.3 want: ^1.2.3
1518 silly placeDep node_modules/fast-glob glob-parent@5.1.2 OK for: fast-glob@3.3.3 want: ^5.1.2
1519 silly placeDep ROOT merge2@1.4.1 OK for: fast-glob@3.3.3 want: ^1.3.0
1520 silly fetch manifest fastq@^1.6.0
1521 silly packumentCache full:https://registry.npmjs.org/fastq cache-miss
1522 silly fetch manifest @nodelib/fs.scandir@2.1.5
1523 silly packumentCache full:https://registry.npmjs.org/@nodelib%2ffs.scandir cache-miss
1524 http fetch GET 200 https://registry.npmjs.org/fastq 22ms (cache miss)
1525 silly packumentCache full:https://registry.npmjs.org/fastq set size:undefined disposed:false
1526 http fetch GET 200 https://registry.npmjs.org/@nodelib%2ffs.scandir 36ms (cache miss)
1527 silly packumentCache full:https://registry.npmjs.org/@nodelib%2ffs.scandir set size:undefined disposed:false
1528 silly placeDep ROOT @nodelib/fs.scandir@2.1.5 OK for: @nodelib/fs.walk@1.2.8 want: 2.1.5
1529 silly placeDep ROOT fastq@1.20.3 OK for: @nodelib/fs.walk@1.2.8 want: ^1.6.0
1530 silly fetch manifest run-parallel@^1.1.9
1531 silly packumentCache full:https://registry.npmjs.org/run-parallel cache-miss
1532 silly fetch manifest reusify@^1.0.4
1533 silly packumentCache full:https://registry.npmjs.org/reusify cache-miss
1534 http fetch GET 200 https://registry.npmjs.org/run-parallel 17ms (cache miss)
1535 silly packumentCache full:https://registry.npmjs.org/run-parallel set size:undefined disposed:false
1536 http fetch GET 200 https://registry.npmjs.org/reusify 23ms (cache miss)
1537 silly packumentCache full:https://registry.npmjs.org/reusify set size:undefined disposed:false
1538 silly placeDep ROOT run-parallel@1.2.0 OK for: @nodelib/fs.scandir@2.1.5 want: ^1.1.9
1539 silly fetch manifest queue-microtask@^1.2.2
1540 silly packumentCache full:https://registry.npmjs.org/queue-microtask cache-miss
1541 http fetch GET 200 https://registry.npmjs.org/queue-microtask 19ms (cache miss)
1542 silly packumentCache full:https://registry.npmjs.org/queue-microtask set size:undefined disposed:false
1543 silly placeDep ROOT reusify@1.1.0 OK for: fastq@1.20.3 want: ^1.0.4
1544 silly placeDep ROOT to-regex-range@5.0.1 OK for: fill-range@7.1.1 want: ^5.0.1
1545 silly fetch manifest is-number@^7.0.0
1546 silly packumentCache full:https://registry.npmjs.org/is-number cache-miss
1547 http fetch GET 200 https://registry.npmjs.org/is-number 20ms (cache miss)
1548 silly packumentCache full:https://registry.npmjs.org/is-number set size:undefined disposed:false
1549 silly placeDep ROOT binary-extensions@2.3.0 OK for: is-binary-path@2.1.0 want: ^2.0.0
1550 silly placeDep ROOT is-extglob@2.1.1 OK for: is-glob@4.0.3 want: ^2.1.1
1551 silly placeDep ROOT read-cache@1.0.2 OK for: postcss-import@15.1.0 want: ^1.0.0
1552 silly placeDep ROOT camelcase-css@2.0.1 OK for: postcss-js@4.1.0 want: ^2.0.1
1553 silly placeDep ROOT cssesc@3.0.0 OK for: postcss-selector-parser@6.1.4 want: ^3.0.0
1554 silly placeDep ROOT util-deprecate@1.0.2 OK for: postcss-selector-parser@6.1.4 want: ^1.0.2
1555 silly placeDep ROOT es-errors@1.3.0 OK for: resolve@1.22.12 want: ^1.3.0
1556 silly placeDep ROOT is-core-module@2.16.2 OK for: resolve@1.22.12 want: ^2.16.1
1557 silly placeDep ROOT path-parse@1.0.7 OK for: resolve@1.22.12 want: ^1.0.7
1558 silly placeDep ROOT supports-preserve-symlinks-flag@1.0.0 OK for: resolve@1.22.12 want: ^1.0.0
1559 silly fetch manifest hasown@^2.0.3
1560 silly packumentCache full:https://registry.npmjs.org/hasown cache-miss
1561 http fetch GET 200 https://registry.npmjs.org/hasown 23ms (cache miss)
1562 silly packumentCache full:https://registry.npmjs.org/hasown set size:undefined disposed:false
1563 silly placeDep ROOT hasown@2.0.4 OK for: is-core-module@2.16.2 want: ^2.0.3
1564 silly fetch manifest function-bind@^1.1.2
1565 silly packumentCache full:https://registry.npmjs.org/function-bind cache-miss
1566 http fetch GET 200 https://registry.npmjs.org/function-bind 27ms (cache miss)
1567 silly packumentCache full:https://registry.npmjs.org/function-bind set size:undefined disposed:false
1568 silly placeDep ROOT function-bind@1.1.2 OK for: hasown@2.0.4 want: ^1.1.2
1569 silly placeDep ROOT queue-microtask@1.2.3 OK for: run-parallel@1.2.0 want: ^1.2.2
1570 silly placeDep ROOT @jridgewell/gen-mapping@0.3.13 OK for: sucrase@3.35.1 want: ^0.3.2
1571 silly placeDep ROOT commander@4.1.1 OK for: sucrase@3.35.1 want: ^4.0.0
1572 silly placeDep ROOT lines-and-columns@1.2.4 OK for: sucrase@3.35.1 want: ^1.1.6
1573 silly placeDep ROOT mz@2.7.0 OK for: sucrase@3.35.1 want: ^2.7.0
1574 silly placeDep ROOT pirates@4.0.7 OK for: sucrase@3.35.1 want: ^4.0.1
1575 silly placeDep ROOT tinyglobby@0.2.17 OK for: sucrase@3.35.1 want: ^0.2.11
1576 silly placeDep ROOT ts-interface-checker@0.1.13 OK for: sucrase@3.35.1 want: ^0.1.9
1577 silly fetch manifest @jridgewell/trace-mapping@^0.3.24
1578 silly packumentCache full:https://registry.npmjs.org/@jridgewell%2ftrace-mapping cache-miss
1579 silly fetch manifest @jridgewell/sourcemap-codec@^1.5.0
1580 silly packumentCache full:https://registry.npmjs.org/@jridgewell%2fsourcemap-codec cache-miss
1581 silly fetch manifest any-promise@^1.0.0
1582 silly packumentCache full:https://registry.npmjs.org/any-promise cache-miss
1583 silly fetch manifest thenify-all@^1.0.0
1584 silly packumentCache full:https://registry.npmjs.org/thenify-all cache-miss
1585 silly fetch manifest fdir@^6.5.0
1586 silly packumentCache full:https://registry.npmjs.org/fdir cache-miss
1587 silly fetch manifest picomatch@^4.0.4
1588 silly packumentCache full:https://registry.npmjs.org/picomatch cache-hit
1589 http fetch GET 200 https://registry.npmjs.org/thenify-all 21ms (cache miss)
1590 silly packumentCache full:https://registry.npmjs.org/thenify-all set size:undefined disposed:false
1591 http fetch GET 200 https://registry.npmjs.org/@jridgewell%2ftrace-mapping 47ms (cache miss)
1592 silly packumentCache full:https://registry.npmjs.org/@jridgewell%2ftrace-mapping set size:undefined disposed:false
1593 http fetch GET 200 https://registry.npmjs.org/@jridgewell%2fsourcemap-codec 51ms (cache miss)
1594 silly packumentCache full:https://registry.npmjs.org/@jridgewell%2fsourcemap-codec set size:undefined disposed:false
1595 http fetch GET 200 https://registry.npmjs.org/fdir 55ms (cache miss)
1596 silly packumentCache full:https://registry.npmjs.org/fdir set size:undefined disposed:false
1597 http fetch GET 200 https://registry.npmjs.org/any-promise 250ms (cache miss)
1598 silly packumentCache full:https://registry.npmjs.org/any-promise set size:undefined disposed:false
1599 silly placeDep ROOT @jridgewell/sourcemap-codec@1.6.0 OK for: @jridgewell/gen-mapping@0.3.13 want: ^1.5.0
1600 silly placeDep ROOT @jridgewell/trace-mapping@0.3.31 OK for: @jridgewell/gen-mapping@0.3.13 want: ^0.3.24
1601 silly fetch manifest @jridgewell/resolve-uri@^3.1.0
1602 silly packumentCache full:https://registry.npmjs.org/@jridgewell%2fresolve-uri cache-miss
1603 http fetch GET 200 https://registry.npmjs.org/@jridgewell%2fresolve-uri 34ms (cache miss)
1604 silly packumentCache full:https://registry.npmjs.org/@jridgewell%2fresolve-uri set size:undefined disposed:false
1605 silly placeDep ROOT @jridgewell/resolve-uri@3.1.2 OK for: @jridgewell/trace-mapping@0.3.31 want: ^3.1.0
1606 silly placeDep ROOT any-promise@1.3.0 OK for: mz@2.7.0 want: ^1.0.0
1607 silly placeDep ROOT thenify-all@1.6.0 OK for: mz@2.7.0 want: ^1.0.0
1608 silly fetch manifest thenify@>= 3.1.0 < 4
1609 silly packumentCache full:https://registry.npmjs.org/thenify cache-miss
1610 http fetch GET 200 https://registry.npmjs.org/thenify 25ms (cache miss)
1611 silly packumentCache full:https://registry.npmjs.org/thenify set size:undefined disposed:false
1612 silly placeDep ROOT thenify@3.3.1 OK for: thenify-all@1.6.0 want: >= 3.1.0 < 4
1613 silly placeDep node_modules/tinyglobby fdir@6.5.0 OK for: tinyglobby@0.2.17 want: ^6.5.0
1614 silly placeDep node_modules/tinyglobby picomatch@4.0.7 OK for: fdir@6.5.0 want: ^3 || ^4
1615 silly placeDep ROOT is-number@7.0.0 OK for: to-regex-range@5.0.1 want: ^7.0.0
1616 silly placeDep node_modules/topojson-client commander@2.20.3 OK for: topojson-client@3.1.0 want: 2
1617 silly placeDep node_modules/topojson-server commander@2.20.3 OK for: topojson-server@3.0.1 want: 2
1618 silly placeDep ROOT esbuild@0.28.2 OK for: tsx@4.23.13 want: ~0.28.0
1619 silly fetch manifest @esbuild/aix-ppc64@0.28.2
1620 silly packumentCache full:https://registry.npmjs.org/@esbuild%2faix-ppc64 cache-miss
1621 silly fetch manifest @esbuild/linux-arm@0.28.2
1622 silly packumentCache full:https://registry.npmjs.org/@esbuild%2flinux-arm cache-miss
1623 silly fetch manifest @esbuild/linux-x64@0.28.2
1624 silly packumentCache full:https://registry.npmjs.org/@esbuild%2flinux-x64 cache-miss
1625 silly fetch manifest @esbuild/sunos-x64@0.28.2
1626 silly packumentCache full:https://registry.npmjs.org/@esbuild%2fsunos-x64 cache-miss
1627 silly fetch manifest @esbuild/win32-x64@0.28.2
1628 silly packumentCache full:https://registry.npmjs.org/@esbuild%2fwin32-x64 cache-miss
1629 silly fetch manifest @esbuild/darwin-x64@0.28.2
1630 silly packumentCache full:https://registry.npmjs.org/@esbuild%2fdarwin-x64 cache-miss
1631 silly fetch manifest @esbuild/linux-ia32@0.28.2
1632 silly packumentCache full:https://registry.npmjs.org/@esbuild%2flinux-ia32 cache-miss
1633 silly fetch manifest @esbuild/netbsd-x64@0.28.2
1634 silly packumentCache full:https://registry.npmjs.org/@esbuild%2fnetbsd-x64 cache-miss
1635 silly fetch manifest @esbuild/win32-ia32@0.28.2
1636 silly packumentCache full:https://registry.npmjs.org/@esbuild%2fwin32-ia32 cache-miss
1637 silly fetch manifest @esbuild/android-arm@0.28.2
1638 silly packumentCache full:https://registry.npmjs.org/@esbuild%2fandroid-arm cache-miss
1639 silly fetch manifest @esbuild/android-x64@0.28.2
1640 silly packumentCache full:https://registry.npmjs.org/@esbuild%2fandroid-x64 cache-miss
1641 http fetch GET 200 https://registry.npmjs.org/@esbuild%2faix-ppc64 31ms (cache miss)
1642 silly packumentCache full:https://registry.npmjs.org/@esbuild%2faix-ppc64 set size:undefined disposed:false
1643 silly fetch manifest @esbuild/freebsd-x64@0.28.2
1644 silly packumentCache full:https://registry.npmjs.org/@esbuild%2ffreebsd-x64 cache-miss
1645 http fetch GET 200 https://registry.npmjs.org/@esbuild%2fandroid-arm 78ms (cache miss)
1646 silly packumentCache full:https://registry.npmjs.org/@esbuild%2fandroid-arm set size:undefined disposed:false
1647 silly fetch manifest @esbuild/linux-arm64@0.28.2
1648 silly packumentCache full:https://registry.npmjs.org/@esbuild%2flinux-arm64 cache-miss
1649 http fetch GET 200 https://registry.npmjs.org/@esbuild%2flinux-arm 88ms (cache miss)
1650 silly packumentCache full:https://registry.npmjs.org/@esbuild%2flinux-arm set size:undefined disposed:false
1651 silly fetch manifest @esbuild/linux-ppc64@0.28.2
1652 silly packumentCache full:https://registry.npmjs.org/@esbuild%2flinux-ppc64 cache-miss
1653 http fetch GET 200 https://registry.npmjs.org/@esbuild%2fwin32-ia32 97ms (cache miss)
1654 silly packumentCache full:https://registry.npmjs.org/@esbuild%2fwin32-ia32 set size:undefined disposed:false
1655 silly fetch manifest @esbuild/linux-s390x@0.28.2
1656 silly packumentCache full:https://registry.npmjs.org/@esbuild%2flinux-s390x cache-miss
1657 http fetch GET 200 https://registry.npmjs.org/@esbuild%2fwin32-x64 114ms (cache miss)
1658 silly packumentCache full:https://registry.npmjs.org/@esbuild%2fwin32-x64 set size:undefined disposed:false
1659 silly fetch manifest @esbuild/openbsd-x64@0.28.2
1660 silly packumentCache full:https://registry.npmjs.org/@esbuild%2fopenbsd-x64 cache-miss
1661 http fetch GET 200 https://registry.npmjs.org/@esbuild%2fnetbsd-x64 119ms (cache miss)
1662 silly packumentCache full:https://registry.npmjs.org/@esbuild%2fnetbsd-x64 set size:undefined disposed:false
1663 silly fetch manifest @esbuild/win32-arm64@0.28.2
1664 silly packumentCache full:https://registry.npmjs.org/@esbuild%2fwin32-arm64 cache-miss
1665 http fetch GET 200 https://registry.npmjs.org/@esbuild%2ffreebsd-x64 101ms (cache miss)
1666 silly packumentCache full:https://registry.npmjs.org/@esbuild%2ffreebsd-x64 set size:undefined disposed:false
1667 silly fetch manifest @esbuild/darwin-arm64@0.28.2
1668 silly packumentCache full:https://registry.npmjs.org/@esbuild%2fdarwin-arm64 cache-miss
1669 http fetch GET 200 https://registry.npmjs.org/@esbuild%2fdarwin-x64 134ms (cache miss)
1670 silly packumentCache full:https://registry.npmjs.org/@esbuild%2fdarwin-x64 set size:undefined disposed:false
1671 silly fetch manifest @esbuild/netbsd-arm64@0.28.2
1672 silly packumentCache full:https://registry.npmjs.org/@esbuild%2fnetbsd-arm64 cache-miss
1673 http fetch GET 200 https://registry.npmjs.org/@esbuild%2fandroid-x64 149ms (cache miss)
1674 silly packumentCache full:https://registry.npmjs.org/@esbuild%2fandroid-x64 set size:undefined disposed:false
1675 silly fetch manifest @esbuild/android-arm64@0.28.2
1676 silly packumentCache full:https://registry.npmjs.org/@esbuild%2fandroid-arm64 cache-miss
1677 http fetch GET 200 https://registry.npmjs.org/@esbuild%2flinux-x64 168ms (cache miss)
1678 silly packumentCache full:https://registry.npmjs.org/@esbuild%2flinux-x64 set size:undefined disposed:false
1679 silly fetch manifest @esbuild/freebsd-arm64@0.28.2
1680 silly packumentCache full:https://registry.npmjs.org/@esbuild%2ffreebsd-arm64 cache-miss
1681 http fetch GET 200 https://registry.npmjs.org/@esbuild%2fsunos-x64 185ms (cache miss)
1682 silly packumentCache full:https://registry.npmjs.org/@esbuild%2fsunos-x64 set size:undefined disposed:false
1683 silly fetch manifest @esbuild/linux-loong64@0.28.2
1684 silly packumentCache full:https://registry.npmjs.org/@esbuild%2flinux-loong64 cache-miss
1685 http fetch GET 200 https://registry.npmjs.org/@esbuild%2flinux-arm64 109ms (cache miss)
1686 silly packumentCache full:https://registry.npmjs.org/@esbuild%2flinux-arm64 set size:undefined disposed:false
1687 silly fetch manifest @esbuild/linux-riscv64@0.28.2
1688 silly packumentCache full:https://registry.npmjs.org/@esbuild%2flinux-riscv64 cache-miss
1689 http fetch GET 200 https://registry.npmjs.org/@esbuild%2flinux-ia32 198ms (cache miss)
1690 silly packumentCache full:https://registry.npmjs.org/@esbuild%2flinux-ia32 set size:undefined disposed:false
1691 silly fetch manifest @esbuild/openbsd-arm64@0.28.2
1692 silly packumentCache full:https://registry.npmjs.org/@esbuild%2fopenbsd-arm64 cache-miss
1693 http fetch GET 200 https://registry.npmjs.org/@esbuild%2fnetbsd-arm64 77ms (cache miss)
1694 silly packumentCache full:https://registry.npmjs.org/@esbuild%2fnetbsd-arm64 set size:undefined disposed:false
1695 silly fetch manifest @esbuild/linux-mips64el@0.28.2
1696 silly packumentCache full:https://registry.npmjs.org/@esbuild%2flinux-mips64el cache-miss
1697 http fetch GET 200 https://registry.npmjs.org/@esbuild%2flinux-ppc64 128ms (cache miss)
1698 silly packumentCache full:https://registry.npmjs.org/@esbuild%2flinux-ppc64 set size:undefined disposed:false
1699 silly fetch manifest @esbuild/openharmony-arm64@0.28.2
1700 silly packumentCache full:https://registry.npmjs.org/@esbuild%2fopenharmony-arm64 cache-miss
1701 http fetch GET 200 https://registry.npmjs.org/@esbuild%2flinux-s390x 123ms (cache miss)
1702 silly packumentCache full:https://registry.npmjs.org/@esbuild%2flinux-s390x set size:undefined disposed:false
1703 http fetch GET 200 https://registry.npmjs.org/@esbuild%2fopenbsd-x64 123ms (cache miss)
1704 silly packumentCache full:https://registry.npmjs.org/@esbuild%2fopenbsd-x64 set size:undefined disposed:false
1705 http fetch GET 200 https://registry.npmjs.org/@esbuild%2fwin32-arm64 122ms (cache miss)
1706 silly packumentCache full:https://registry.npmjs.org/@esbuild%2fwin32-arm64 set size:undefined disposed:false
1707 http fetch GET 200 https://registry.npmjs.org/@esbuild%2fdarwin-arm64 122ms (cache miss)
1708 silly packumentCache full:https://registry.npmjs.org/@esbuild%2fdarwin-arm64 set size:undefined disposed:false
1709 http fetch GET 200 https://registry.npmjs.org/@esbuild%2fopenharmony-arm64 75ms (cache miss)
1710 silly packumentCache full:https://registry.npmjs.org/@esbuild%2fopenharmony-arm64 set size:undefined disposed:false
1711 http fetch GET 200 https://registry.npmjs.org/@esbuild%2flinux-mips64el 89ms (cache miss)
1712 silly packumentCache full:https://registry.npmjs.org/@esbuild%2flinux-mips64el set size:undefined disposed:false
1713 http fetch GET 200 https://registry.npmjs.org/@esbuild%2fandroid-arm64 152ms (cache miss)
1714 silly packumentCache full:https://registry.npmjs.org/@esbuild%2fandroid-arm64 set size:undefined disposed:false
1715 http fetch GET 200 https://registry.npmjs.org/@esbuild%2fopenbsd-arm64 106ms (cache miss)
1716 silly packumentCache full:https://registry.npmjs.org/@esbuild%2fopenbsd-arm64 set size:undefined disposed:false
1717 http fetch GET 200 https://registry.npmjs.org/@esbuild%2ffreebsd-arm64 143ms (cache miss)
1718 silly packumentCache full:https://registry.npmjs.org/@esbuild%2ffreebsd-arm64 set size:undefined disposed:false
1719 http fetch GET 200 https://registry.npmjs.org/@esbuild%2flinux-riscv64 123ms (cache miss)
1720 silly packumentCache full:https://registry.npmjs.org/@esbuild%2flinux-riscv64 set size:undefined disposed:false
1721 http fetch GET 200 https://registry.npmjs.org/@esbuild%2flinux-loong64 148ms (cache miss)
1722 silly packumentCache full:https://registry.npmjs.org/@esbuild%2flinux-loong64 set size:undefined disposed:false
1723 silly placeDep ROOT @esbuild/aix-ppc64@0.28.2 OK for: esbuild@0.28.2 want: 0.28.2
1724 silly placeDep ROOT @esbuild/android-arm@0.28.2 OK for: esbuild@0.28.2 want: 0.28.2
1725 silly placeDep ROOT @esbuild/android-arm64@0.28.2 OK for: esbuild@0.28.2 want: 0.28.2
1726 silly placeDep ROOT @esbuild/android-x64@0.28.2 OK for: esbuild@0.28.2 want: 0.28.2
1727 silly placeDep ROOT @esbuild/darwin-arm64@0.28.2 OK for: esbuild@0.28.2 want: 0.28.2
1728 silly placeDep ROOT @esbuild/darwin-x64@0.28.2 OK for: esbuild@0.28.2 want: 0.28.2
1729 silly placeDep ROOT @esbuild/freebsd-arm64@0.28.2 OK for: esbuild@0.28.2 want: 0.28.2
1730 silly placeDep ROOT @esbuild/freebsd-x64@0.28.2 OK for: esbuild@0.28.2 want: 0.28.2
1731 silly placeDep ROOT @esbuild/linux-arm@0.28.2 OK for: esbuild@0.28.2 want: 0.28.2
1732 silly placeDep ROOT @esbuild/linux-arm64@0.28.2 OK for: esbuild@0.28.2 want: 0.28.2
1733 silly placeDep ROOT @esbuild/linux-ia32@0.28.2 OK for: esbuild@0.28.2 want: 0.28.2
1734 silly placeDep ROOT @esbuild/linux-loong64@0.28.2 OK for: esbuild@0.28.2 want: 0.28.2
1735 silly placeDep ROOT @esbuild/linux-mips64el@0.28.2 OK for: esbuild@0.28.2 want: 0.28.2
1736 silly placeDep ROOT @esbuild/linux-ppc64@0.28.2 OK for: esbuild@0.28.2 want: 0.28.2
1737 silly placeDep ROOT @esbuild/linux-riscv64@0.28.2 OK for: esbuild@0.28.2 want: 0.28.2
1738 silly placeDep ROOT @esbuild/linux-s390x@0.28.2 OK for: esbuild@0.28.2 want: 0.28.2
1739 silly placeDep ROOT @esbuild/linux-x64@0.28.2 OK for: esbuild@0.28.2 want: 0.28.2
1740 silly placeDep ROOT @esbuild/netbsd-arm64@0.28.2 OK for: esbuild@0.28.2 want: 0.28.2
1741 silly placeDep ROOT @esbuild/netbsd-x64@0.28.2 OK for: esbuild@0.28.2 want: 0.28.2
1742 silly placeDep ROOT @esbuild/openbsd-arm64@0.28.2 OK for: esbuild@0.28.2 want: 0.28.2
1743 silly placeDep ROOT @esbuild/openbsd-x64@0.28.2 OK for: esbuild@0.28.2 want: 0.28.2
1744 silly placeDep ROOT @esbuild/openharmony-arm64@0.28.2 OK for: esbuild@0.28.2 want: 0.28.2
1745 silly placeDep ROOT @esbuild/sunos-x64@0.28.2 OK for: esbuild@0.28.2 want: 0.28.2
1746 silly placeDep ROOT @esbuild/win32-arm64@0.28.2 OK for: esbuild@0.28.2 want: 0.28.2
1747 silly placeDep ROOT @esbuild/win32-ia32@0.28.2 OK for: esbuild@0.28.2 want: 0.28.2
1748 silly placeDep ROOT @esbuild/win32-x64@0.28.2 OK for: esbuild@0.28.2 want: 0.28.2
1749 silly placeDep ROOT escalade@3.2.0 OK for: update-browserslist-db@1.3.2 want: ^3.2.0
1750 silly placeDep ROOT @types/d3-array@3.2.2 OK for: victory-vendor@36.9.2 want: ^3.0.3
1751 silly placeDep ROOT @types/d3-ease@3.0.2 OK for: victory-vendor@36.9.2 want: ^3.0.0
1752 silly placeDep ROOT @types/d3-interpolate@3.0.4 OK for: victory-vendor@36.9.2 want: ^3.0.1
1753 silly placeDep ROOT @types/d3-scale@4.0.9 OK for: victory-vendor@36.9.2 want: ^4.0.2
1754 silly placeDep ROOT @types/d3-shape@3.2.0 OK for: victory-vendor@36.9.2 want: ^3.1.0
1755 silly placeDep ROOT @types/d3-time@3.0.4 OK for: victory-vendor@36.9.2 want: ^3.0.0
1756 silly placeDep ROOT @types/d3-timer@3.0.2 OK for: victory-vendor@36.9.2 want: ^3.0.0
1757 silly placeDep node_modules/victory-vendor d3-array@3.2.4 OK for: victory-vendor@36.9.2 want: ^3.1.6
1758 silly placeDep ROOT d3-ease@3.0.1 OK for: victory-vendor@36.9.2 want: ^3.0.1
1759 silly placeDep ROOT d3-interpolate@3.0.1 OK for: victory-vendor@36.9.2 want: ^3.0.1
1760 silly placeDep ROOT d3-scale@4.0.2 OK for: victory-vendor@36.9.2 want: ^4.0.2
1761 silly placeDep ROOT d3-shape@3.2.0 OK for: victory-vendor@36.9.2 want: ^3.1.0
1762 silly placeDep ROOT d3-time@3.1.0 OK for: victory-vendor@36.9.2 want: ^3.0.0
1763 silly placeDep ROOT d3-timer@3.0.1 OK for: victory-vendor@36.9.2 want: ^3.0.1
1764 silly fetch manifest @types/d3-color@*
1765 silly packumentCache full:https://registry.npmjs.org/@types%2fd3-color cache-miss
1766 silly fetch manifest @types/d3-time@*
1767 silly packumentCache full:https://registry.npmjs.org/@types%2fd3-time cache-miss
1768 silly fetch manifest @types/d3-path@*
1769 silly packumentCache full:https://registry.npmjs.org/@types%2fd3-path cache-miss
1770 silly fetch manifest d3-color@1 - 3
1771 silly packumentCache full:https://registry.npmjs.org/d3-color cache-miss
1772 silly fetch manifest d3-format@1 - 3
1773 silly packumentCache full:https://registry.npmjs.org/d3-format cache-miss
1774 silly fetch manifest d3-time@2.1.1 - 3
1775 silly packumentCache full:https://registry.npmjs.org/d3-time cache-miss
1776 silly fetch manifest d3-time-format@2 - 4
1777 silly packumentCache full:https://registry.npmjs.org/d3-time-format cache-miss
1778 silly fetch manifest d3-path@^3.1.0
1779 silly packumentCache full:https://registry.npmjs.org/d3-path cache-miss
1780 http cache https://registry.npmjs.org/@types%2fd3-time 10ms (cache hit)
1781 silly packumentCache full:https://registry.npmjs.org/@types%2fd3-time set size:52652 disposed:false
1782 http cache https://registry.npmjs.org/d3-time 9ms (cache hit)
1783 silly packumentCache full:https://registry.npmjs.org/d3-time set size:150406 disposed:false
1784 http fetch GET 200 https://registry.npmjs.org/d3-path 26ms (cache miss)
1785 silly packumentCache full:https://registry.npmjs.org/d3-path set size:undefined disposed:false
1786 http fetch GET 200 https://registry.npmjs.org/d3-format 29ms (cache miss)
1787 silly packumentCache full:https://registry.npmjs.org/d3-format set size:undefined disposed:false
1788 http fetch GET 200 https://registry.npmjs.org/d3-time-format 33ms (cache miss)
1789 silly packumentCache full:https://registry.npmjs.org/d3-time-format set size:undefined disposed:false
1790 http fetch GET 200 https://registry.npmjs.org/d3-color 38ms (cache miss)
1791 silly packumentCache full:https://registry.npmjs.org/d3-color set size:undefined disposed:false
1792 http fetch GET 200 https://registry.npmjs.org/@types%2fd3-path 257ms (cache miss)
1793 silly packumentCache full:https://registry.npmjs.org/@types%2fd3-path set size:undefined disposed:false
1794 http fetch GET 200 https://registry.npmjs.org/@types%2fd3-color 264ms (cache miss)
1795 silly packumentCache full:https://registry.npmjs.org/@types%2fd3-color set size:undefined disposed:false
1796 silly placeDep ROOT @types/d3-color@3.1.3 OK for: @types/d3-interpolate@3.0.4 want: *
1797 silly placeDep ROOT @types/d3-path@3.1.1 OK for: @types/d3-shape@3.2.0 want: *
1798 silly placeDep ROOT d3-color@3.1.0 OK for: d3-interpolate@3.0.1 want: 1 - 3
1799 silly placeDep ROOT d3-format@3.1.2 OK for: d3-scale@4.0.2 want: 1 - 3
1800 silly placeDep ROOT d3-time-format@4.1.0 OK for: d3-scale@4.0.2 want: 2 - 4
1801 silly placeDep ROOT d3-path@3.1.0 OK for: d3-shape@3.2.0 want: ^3.1.0
1802 silly placeDep node_modules/geojson-polygon-self-intersections quickselect@1.1.1 OK for: rbush@2.0.2 want: ^1.0.1
1803 silly reify moves {}
1804 silly audit bulk request {
1804 silly audit   '@turf/turf': [ '7.4.0' ],
1804 silly audit   '@types/leaflet': [ '1.9.22' ],
1804 silly audit   '@types/node': [ '20.19.43' ],
1804 silly audit   '@types/react': [ '18.3.31' ],
1804 silly audit   '@types/react-dom': [ '18.3.7' ],
1804 silly audit   autoprefixer: [ '10.5.4' ],
1804 silly audit   postcss: [ '8.5.26', '8.4.31' ],
1804 silly audit   leaflet: [ '1.9.4' ],
1804 silly audit   next: [ '14.2.35' ],
1804 silly audit   react: [ '18.3.1' ],
1804 silly audit   'react-dom': [ '18.3.1' ],
1804 silly audit   'react-leaflet': [ '4.2.1' ],
1804 silly audit   recharts: [ '2.15.4' ],
1804 silly audit   tailwindcss: [ '3.4.19' ],
1804 silly audit   tsx: [ '4.23.13' ],
1804 silly audit   typescript: [ '5.9.3' ],
1804 silly audit   '@turf/along': [ '7.4.0' ],
1804 silly audit   '@turf/angle': [ '7.4.0' ],
1804 silly audit   '@turf/area': [ '7.4.0' ],
1804 silly audit   '@turf/bbox': [ '7.4.0' ],
1804 silly audit   '@turf/bbox-clip': [ '7.4.0' ],
1804 silly audit   '@turf/bbox-polygon': [ '7.4.0' ],
1804 silly audit   '@turf/bearing': [ '7.4.0' ],
1804 silly audit   '@turf/bezier-spline': [ '7.4.0' ],
1804 silly audit   '@turf/boolean-clockwise': [ '7.4.0' ],
1804 silly audit   '@turf/boolean-concave': [ '7.4.0' ],
1804 silly audit   '@turf/boolean-contains': [ '7.4.0' ],
1804 silly audit   '@turf/boolean-crosses': [ '7.4.0' ],
1804 silly audit   '@turf/boolean-disjoint': [ '7.4.0' ],
1804 silly audit   '@turf/boolean-equal': [ '7.4.0' ],
1804 silly audit   '@turf/boolean-intersects': [ '7.4.0' ],
1804 silly audit   '@turf/boolean-overlap': [ '7.4.0' ],
1804 silly audit   '@turf/boolean-parallel': [ '7.4.0' ],
1804 silly audit   '@turf/boolean-point-in-polygon': [ '7.4.0' ],
1804 silly audit   '@turf/boolean-point-on-line': [ '7.4.0' ],
1804 silly audit   '@turf/boolean-touches': [ '7.4.0' ],
1804 silly audit   '@turf/boolean-valid': [ '7.4.0' ],
1804 silly audit   '@turf/boolean-within': [ '7.4.0' ],
1804 silly audit   '@turf/buffer': [ '7.4.0' ],
1804 silly audit   '@turf/center': [ '7.4.0' ],
1804 silly audit   '@turf/center-mean': [ '7.4.0' ],
1804 silly audit   '@turf/center-median': [ '7.4.0' ],
1804 silly audit   '@turf/center-of-mass': [ '7.4.0' ],
1804 silly audit   '@turf/centroid': [ '7.4.0' ],
1804 silly audit   '@turf/circle': [ '7.4.0' ],
1804 silly audit   '@turf/clean-coords': [ '7.4.0' ],
1804 silly audit   '@turf/clone': [ '7.4.0' ],
1804 silly audit   '@turf/clusters': [ '7.4.0' ],
1804 silly audit   '@turf/clusters-dbscan': [ '7.4.0' ],
1804 silly audit   '@turf/clusters-kmeans': [ '7.4.0' ],
1804 silly audit   '@turf/collect': [ '7.4.0' ],
1804 silly audit   '@turf/combine': [ '7.4.0' ],
1804 silly audit   '@turf/concave': [ '7.4.0' ],
1804 silly audit   '@turf/convex': [ '7.4.0' ],
1804 silly audit   '@turf/destination': [ '7.4.0' ],
1804 silly audit   '@turf/difference': [ '7.4.0' ],
1804 silly audit   '@turf/directional-mean': [ '7.4.0' ],
1804 silly audit   '@turf/dissolve': [ '7.4.0' ],
1804 silly audit   '@turf/distance': [ '7.4.0' ],
1804 silly audit   '@turf/distance-weight': [ '7.4.0' ],
1804 silly audit   '@turf/ellipse': [ '7.4.0' ],
1804 silly audit   '@turf/envelope': [ '7.4.0' ],
1804 silly audit   '@turf/explode': [ '7.4.0' ],
1804 silly audit   '@turf/flatten': [ '7.4.0' ],
1804 silly audit   '@turf/flip': [ '7.4.0' ],
1804 silly audit   '@turf/geojson-rbush': [ '7.4.0' ],
1804 silly audit   '@turf/great-circle': [ '7.4.0' ],
1804 silly audit   '@turf/helpers': [ '7.4.0' ],
1804 silly audit   '@turf/hex-grid': [ '7.4.0' ],
1804 silly audit   '@turf/interpolate': [ '7.4.0' ],
1804 silly audit   '@turf/intersect': [ '7.4.0' ],
1804 silly audit   '@turf/invariant': [ '7.4.0' ],
1804 silly audit   '@turf/isobands': [ '7.4.0' ],
1804 silly audit   '@turf/isolines': [ '7.4.0' ],
1804 silly audit   '@turf/kinks': [ '7.4.0' ],
1804 silly audit   '@turf/length': [ '7.4.0' ],
1804 silly audit   '@turf/line-arc': [ '7.4.0' ],
1804 silly audit   '@turf/line-chunk': [ '7.4.0' ],
1804 silly audit   '@turf/line-intersect': [ '7.4.0' ],
1804 silly audit   '@turf/line-offset': [ '7.4.0' ],
1804 silly audit   '@turf/line-overlap': [ '7.4.0' ],
1804 silly audit   '@turf/line-segment': [ '7.4.0' ],
1804 silly audit   '@turf/line-slice': [ '7.4.0' ],
1804 silly audit   '@turf/line-slice-along': [ '7.4.0' ],
1804 silly audit   '@turf/line-split': [ '7.4.0' ],
1804 silly audit   '@turf/line-to-polygon': [ '7.4.0' ],
1804 silly audit   '@turf/mask': [ '7.4.0' ],
1804 silly audit   '@turf/meta': [ '7.4.0' ],
1804 silly audit   '@turf/midpoint': [ '7.4.0' ],
1804 silly audit   '@turf/moran-index': [ '7.4.0' ],
1804 silly audit   '@turf/nearest-neighbor-analysis': [ '7.4.0' ],
1804 silly audit   '@turf/nearest-point': [ '7.4.0' ],
1804 silly audit   '@turf/nearest-point-on-line': [ '7.4.0' ],
1804 silly audit   '@turf/nearest-point-to-line': [ '7.4.0' ],
1804 silly audit   '@turf/planepoint': [ '7.4.0' ],
1804 silly audit   '@turf/point-grid': [ '7.4.0' ],
1804 silly audit   '@turf/point-on-feature': [ '7.4.0' ],
1804 silly audit   '@turf/point-to-line-distance': [ '7.4.0' ],
1804 silly audit   '@turf/point-to-polygon-distance': [ '7.4.0' ],
1804 silly audit   '@turf/points-within-polygon': [ '7.4.0' ],
1804 silly audit   '@turf/polygon-smooth': [ '7.4.0' ],
1804 silly audit   '@turf/polygon-tangents': [ '7.4.0' ],
1804 silly audit   '@turf/polygon-to-line': [ '7.4.0' ],
1804 silly audit   '@turf/polygonize': [ '7.4.0' ],
1804 silly audit   '@turf/projection': [ '7.4.0' ],
1804 silly audit   '@turf/quadrat-analysis': [ '7.4.0' ],
1804 silly audit   '@turf/random': [ '7.4.0' ],
1804 silly audit   '@turf/rectangle-grid': [ '7.4.0' ],
1804 silly audit   '@turf/rewind': [ '7.4.0' ],
1804 silly audit   '@turf/rhumb-bearing': [ '7.4.0' ],
1804 silly audit   '@turf/rhumb-destination': [ '7.4.0' ],
1804 silly audit   '@turf/rhumb-distance': [ '7.4.0' ],
1804 silly audit   '@turf/sample': [ '7.4.0' ],
1804 silly audit   '@turf/sector': [ '7.4.0' ],
1804 silly audit   '@turf/shortest-path': [ '7.4.0' ],
1804 silly audit   '@turf/simplify': [ '7.4.0' ],
1804 silly audit   '@turf/square': [ '7.4.0' ],
1804 silly audit   '@turf/square-grid': [ '7.4.0' ],
1804 silly audit   '@turf/standard-deviational-ellipse': [ '7.4.0' ],
1804 silly audit   '@turf/tag': [ '7.4.0' ],
1804 silly audit   '@turf/tesselate': [ '7.4.0' ],
1804 silly audit   '@turf/tin': [ '7.4.0' ],
1804 silly audit   '@turf/transform-rotate': [ '7.4.0' ],
1804 silly audit   '@turf/transform-scale': [ '7.4.0' ],
1804 silly audit   '@turf/transform-translate': [ '7.4.0' ],
1804 silly audit   '@turf/triangle-grid': [ '7.4.0' ],
1804 silly audit   '@turf/truncate': [ '7.4.0' ],
1804 silly audit   '@turf/union': [ '7.4.0' ],
1804 silly audit   '@turf/unkink-polygon': [ '7.4.0' ],
1804 silly audit   '@turf/voronoi': [ '7.4.0' ],
1804 silly audit   '@types/geojson': [ '7946.0.16' ],
1804 silly audit   '@types/kdbush': [ '3.0.5' ],
1804 silly audit   tslib: [ '2.8.1' ],
1804 silly audit   'geojson-equality-ts': [ '1.0.2' ],
1804 silly audit   'point-in-polygon-hao': [ '1.2.4' ],
1804 silly audit   'geojson-polygon-self-intersections': [ '1.2.2' ],
1804 silly audit   '@turf/jsts': [ '2.7.2' ],
1804 silly audit   'd3-geo': [ '2.0.2' ],
1804 silly audit   rbush: [ '3.0.1', '2.0.2' ],
1804 silly audit   skmeans: [ '0.9.7' ],
1804 silly audit   'topojson-client': [ '3.1.0' ],
1804 silly audit   'topojson-server': [ '3.0.1' ],
1804 silly audit   concaveman: [ '1.2.1' ],
1804 silly audit   'polyclip-ts': [ '0.16.8' ],
1804 silly audit   arc: [ '0.2.0' ],
1804 silly audit   jsts: [ '2.7.1' ],
1804 silly audit   'robust-predicates': [ '2.0.4', '3.0.3' ],
1804 silly audit   tinyqueue: [ '2.0.3' ],
1804 silly audit   'fast-deep-equal': [ '3.1.3' ],
1804 silly audit   '@types/earcut': [ '2.1.4' ],
1804 silly audit   earcut: [ '2.2.4' ],
1804 silly audit   '@types/d3-voronoi': [ '1.1.12' ],
1804 silly audit   'd3-voronoi': [ '1.1.2' ],
1804 silly audit   'undici-types': [ '6.21.0' ],
1804 silly audit   '@types/prop-types': [ '15.7.15' ],
1804 silly audit   csstype: [ '3.2.3' ],
1804 silly audit   browserslist: [ '4.28.8' ],
1804 silly audit   'caniuse-lite': [ '1.0.30001810' ],
1804 silly audit   'fraction.js': [ '5.3.4' ],
1804 silly audit   picocolors: [ '1.1.1' ],
1804 silly audit   'postcss-value-parser': [ '4.2.0' ],
1804 silly audit   'baseline-browser-mapping': [ '2.11.20' ],
1804 silly audit   'electron-to-chromium': [ '1.5.416' ],
1804 silly audit   'node-releases': [ '2.0.54' ],
1804 silly audit   'update-browserslist-db': [ '1.3.2' ],
1804 silly audit   'point-in-polygon': [ '1.1.0' ],
1804 silly audit   'd3-array': [ '2.12.1', '3.2.4' ],
1804 silly audit   internmap: [ '1.0.1' ],
1804 silly audit   '@next/env': [ '14.2.35' ],
1804 silly audit   '@next/swc-darwin-arm64': [ '14.2.33' ],
1804 silly audit   '@next/swc-darwin-x64': [ '14.2.33' ],
1804 silly audit   '@next/swc-linux-arm64-gnu': [ '14.2.33' ],
1804 silly audit   '@next/swc-linux-arm64-musl': [ '14.2.33' ],
1804 silly audit   '@next/swc-linux-x64-gnu': [ '14.2.33' ],
1804 silly audit   '@next/swc-linux-x64-musl': [ '14.2.33' ],
1804 silly audit   '@next/swc-win32-arm64-msvc': [ '14.2.33' ],
1804 silly audit   '@next/swc-win32-ia32-msvc': [ '14.2.33' ],
1804 silly audit   '@next/swc-win32-x64-msvc': [ '14.2.33' ],
1804 silly audit   '@swc/helpers': [ '0.5.5' ],
1804 silly audit   busboy: [ '1.6.0' ],
1804 silly audit   'graceful-fs': [ '4.2.11' ],
1804 silly audit   'styled-jsx': [ '5.1.1' ],
1804 silly audit   '@swc/counter': [ '0.1.3' ],
1804 silly audit   streamsearch: [ '1.1.0' ],
1804 silly audit   'bignumber.js': [ '9.3.1' ],
1804 silly audit   'splaytree-ts': [ '1.0.2' ],
1804 silly audit   nanoid: [ '3.3.18' ],
1804 silly audit   'source-map-js': [ '1.2.1' ],
1804 silly audit   quickselect: [ '2.0.0', '1.1.1' ],
1804 silly audit   'loose-envify': [ '1.4.0' ],
1804 silly audit   'js-tokens': [ '4.0.0' ],
1804 silly audit   scheduler: [ '0.23.2' ],
1804 silly audit   '@react-leaflet/core': [ '2.1.0' ],
1804 silly audit   clsx: [ '2.1.1' ],
1804 silly audit   eventemitter3: [ '4.0.7' ],
1804 silly audit   lodash: [ '4.18.1' ],
1804 silly audit   'react-is': [ '18.3.1', '16.13.1' ],
1804 silly audit   'react-smooth': [ '4.0.4' ],
1804 silly audit   'recharts-scale': [ '0.4.5' ],
1804 silly audit   'tiny-invariant': [ '1.3.3' ],
1804 silly audit   'victory-vendor': [ '36.9.2' ],
1804 silly audit   'fast-equals': [ '5.4.1' ],
1804 silly audit   'prop-types': [ '15.8.1' ],
1804 silly audit   'react-transition-group': [ '4.4.5' ],
1804 silly audit   'object-assign': [ '4.1.1' ],
1804 silly audit   '@babel/runtime': [ '7.29.7' ],
1804 silly audit   'dom-helpers': [ '5.2.1' ],
1804 silly audit   'decimal.js-light': [ '2.5.1' ],
1804 silly audit   'client-only': [ '0.0.1' ],
1804 silly audit   '@alloc/quick-lru': [ '5.2.0' ],
1804 silly audit   arg: [ '5.0.2' ],
1804 silly audit   chokidar: [ '3.6.0' ],
1804 silly audit   didyoumean: [ '1.2.2' ],
1804 silly audit   dlv: [ '1.1.3' ],
1804 silly audit   'fast-glob': [ '3.3.3' ],
1804 silly audit   'glob-parent': [ '6.0.2', '5.1.2' ],
1804 silly audit   'is-glob': [ '4.0.3' ],
1804 silly audit   jiti: [ '1.21.7' ],
1804 silly audit   lilconfig: [ '3.1.3' ],
1804 silly audit   micromatch: [ '4.0.8' ],
1804 silly audit   'normalize-path': [ '3.0.0' ],
1804 silly audit   'object-hash': [ '3.0.0' ],
1804 silly audit   'postcss-import': [ '15.1.0' ],
1804 silly audit   'postcss-js': [ '4.1.0' ],
1804 silly audit   'postcss-load-config': [ '6.0.1' ],
1804 silly audit   'postcss-nested': [ '6.2.0' ],
1804 silly audit   'postcss-selector-parser': [ '6.1.4' ],
1804 silly audit   resolve: [ '1.22.12' ],
1804 silly audit   sucrase: [ '3.35.1' ],
1804 silly audit   anymatch: [ '3.1.3' ],
1804 silly audit   braces: [ '3.0.3' ],
1804 silly audit   fsevents: [ '2.3.3' ],
1804 silly audit   'is-binary-path': [ '2.1.0' ],
1804 silly audit   readdirp: [ '3.6.0' ],
1804 silly audit   picomatch: [ '2.3.2', '4.0.7' ],
1804 silly audit   'fill-range': [ '7.1.1' ],
1804 silly audit   '@nodelib/fs.stat': [ '2.0.5' ],
1804 silly audit   '@nodelib/fs.walk': [ '1.2.8' ],
1804 silly audit   merge2: [ '1.4.1' ],
1804 silly audit   '@nodelib/fs.scandir': [ '2.1.5' ],
1804 silly audit   fastq: [ '1.20.3' ],
1804 silly audit   'run-parallel': [ '1.2.0' ],
1804 silly audit   reusify: [ '1.1.0' ],
1804 silly audit   'to-regex-range': [ '5.0.1' ],
1804 silly audit   'binary-extensions': [ '2.3.0' ],
1804 silly audit   'is-extglob': [ '2.1.1' ],
1804 silly audit   'read-cache': [ '1.0.2' ],
1804 silly audit   'camelcase-css': [ '2.0.1' ],
1804 silly audit   cssesc: [ '3.0.0' ],
1804 silly audit   'util-deprecate': [ '1.0.2' ],
1804 silly audit   'es-errors': [ '1.3.0' ],
1804 silly audit   'is-core-module': [ '2.16.2' ],
1804 silly audit   'path-parse': [ '1.0.7' ],
1804 silly audit   'supports-preserve-symlinks-flag': [ '1.0.0' ],
1804 silly audit   hasown: [ '2.0.4' ],
1804 silly audit   'function-bind': [ '1.1.2' ],
1804 silly audit   'queue-microtask': [ '1.2.3' ],
1804 silly audit   '@jridgewell/gen-mapping': [ '0.3.13' ],
1804 silly audit   commander: [ '4.1.1', '2.20.3' ],
1804 silly audit   'lines-and-columns': [ '1.2.4' ],
1804 silly audit   mz: [ '2.7.0' ],
1804 silly audit   pirates: [ '4.0.7' ],
1804 silly audit   tinyglobby: [ '0.2.17' ],
1804 silly audit   'ts-interface-checker': [ '0.1.13' ],
1804 silly audit   '@jridgewell/sourcemap-codec': [ '1.6.0' ],
1804 silly audit   '@jridgewell/trace-mapping': [ '0.3.31' ],
1804 silly audit   '@jridgewell/resolve-uri': [ '3.1.2' ],
1804 silly audit   'any-promise': [ '1.3.0' ],
1804 silly audit   'thenify-all': [ '1.6.0' ],
1804 silly audit   thenify: [ '3.3.1' ],
1804 silly audit   fdir: [ '6.5.0' ],
1804 silly audit   'is-number': [ '7.0.0' ],
1804 silly audit   esbuild: [ '0.28.2' ],
1804 silly audit   '@esbuild/aix-ppc64': [ '0.28.2' ],
1804 silly audit   '@esbuild/android-arm': [ '0.28.2' ],
1804 silly audit   '@esbuild/android-arm64': [ '0.28.2' ],
1804 silly audit   '@esbuild/android-x64': [ '0.28.2' ],
1804 silly audit   '@esbuild/darwin-arm64': [ '0.28.2' ],
1804 silly audit   '@esbuild/darwin-x64': [ '0.28.2' ],
1804 silly audit   '@esbuild/freebsd-arm64': [ '0.28.2' ],
1804 silly audit   '@esbuild/freebsd-x64': [ '0.28.2' ],
1804 silly audit   '@esbuild/linux-arm': [ '0.28.2' ],
1804 silly audit   '@esbuild/linux-arm64': [ '0.28.2' ],
1804 silly audit   '@esbuild/linux-ia32': [ '0.28.2' ],
1804 silly audit   '@esbuild/linux-loong64': [ '0.28.2' ],
1804 silly audit   '@esbuild/linux-mips64el': [ '0.28.2' ],
1804 silly audit   '@esbuild/linux-ppc64': [ '0.28.2' ],
1804 silly audit   '@esbuild/linux-riscv64': [ '0.28.2' ],
1804 silly audit   '@esbuild/linux-s390x': [ '0.28.2' ],
1804 silly audit   '@esbuild/linux-x64': [ '0.28.2' ],
1804 silly audit   '@esbuild/netbsd-arm64': [ '0.28.2' ],
1804 silly audit   '@esbuild/netbsd-x64': [ '0.28.2' ],
1804 silly audit   '@esbuild/openbsd-arm64': [ '0.28.2' ],
1804 silly audit   '@esbuild/openbsd-x64': [ '0.28.2' ],
1804 silly audit   '@esbuild/openharmony-arm64': [ '0.28.2' ],
1804 silly audit   '@esbuild/sunos-x64': [ '0.28.2' ],
1804 silly audit   '@esbuild/win32-arm64': [ '0.28.2' ],
1804 silly audit   '@esbuild/win32-ia32': [ '0.28.2' ],
1804 silly audit   '@esbuild/win32-x64': [ '0.28.2' ],
1804 silly audit   escalade: [ '3.2.0' ],
1804 silly audit   '@types/d3-array': [ '3.2.2' ],
1804 silly audit   '@types/d3-ease': [ '3.0.2' ],
1804 silly audit   '@types/d3-interpolate': [ '3.0.4' ],
1804 silly audit   '@types/d3-scale': [ '4.0.9' ],
1804 silly audit   '@types/d3-shape': [ '3.2.0' ],
1804 silly audit   '@types/d3-time': [ '3.0.4' ],
1804 silly audit   '@types/d3-timer': [ '3.0.2' ],
1804 silly audit   'd3-ease': [ '3.0.1' ],
1804 silly audit   'd3-interpolate': [ '3.0.1' ],
1804 silly audit   'd3-scale': [ '4.0.2' ],
1804 silly audit   'd3-shape': [ '3.2.0' ],
1804 silly audit   'd3-time': [ '3.1.0' ],
1804 silly audit   'd3-timer': [ '3.0.1' ],
1804 silly audit   '@types/d3-color': [ '3.1.3' ],
1804 silly audit   '@types/d3-path': [ '3.1.1' ],
1804 silly audit   'd3-color': [ '3.1.0' ],
1804 silly audit   'd3-format': [ '3.1.2' ],
1804 silly audit   'd3-time-format': [ '4.1.0' ],
1804 silly audit   'd3-path': [ '3.1.0' ]
1804 silly audit }
1805 http cache d3-path@https://registry.npmjs.org/d3-path/-/d3-path-3.1.0.tgz 0ms (cache hit)
1806 http cache d3-time-format@https://registry.npmjs.org/d3-time-format/-/d3-time-format-4.1.0.tgz 0ms (cache hit)
1807 http cache d3-format@https://registry.npmjs.org/d3-format/-/d3-format-3.1.2.tgz 0ms (cache hit)
1808 http cache d3-color@https://registry.npmjs.org/d3-color/-/d3-color-3.1.0.tgz 0ms (cache hit)
1809 http cache @types/d3-color@https://registry.npmjs.org/@types/d3-color/-/d3-color-3.1.3.tgz 0ms (cache hit)
1810 http cache d3-timer@https://registry.npmjs.org/d3-timer/-/d3-timer-3.0.1.tgz 0ms (cache hit)
1811 http cache d3-time@https://registry.npmjs.org/d3-time/-/d3-time-3.1.0.tgz 0ms (cache hit)
1812 http cache @types/d3-path@https://registry.npmjs.org/@types/d3-path/-/d3-path-3.1.1.tgz 0ms (cache hit)
1813 http cache d3-scale@https://registry.npmjs.org/d3-scale/-/d3-scale-4.0.2.tgz 0ms (cache hit)
1814 http cache d3-ease@https://registry.npmjs.org/d3-ease/-/d3-ease-3.0.1.tgz 0ms (cache hit)
1815 http cache d3-shape@https://registry.npmjs.org/d3-shape/-/d3-shape-3.2.0.tgz 0ms (cache hit)
1816 http cache d3-interpolate@https://registry.npmjs.org/d3-interpolate/-/d3-interpolate-3.0.1.tgz 0ms (cache hit)
1817 http cache @types/d3-time@https://registry.npmjs.org/@types/d3-time/-/d3-time-3.0.4.tgz 0ms (cache hit)
1818 http cache @types/d3-timer@https://registry.npmjs.org/@types/d3-timer/-/d3-timer-3.0.2.tgz 0ms (cache hit)
1819 http cache @types/d3-scale@https://registry.npmjs.org/@types/d3-scale/-/d3-scale-4.0.9.tgz 0ms (cache hit)
1820 http cache @types/d3-shape@https://registry.npmjs.org/@types/d3-shape/-/d3-shape-3.2.0.tgz 0ms (cache hit)
1821 http cache escalade@https://registry.npmjs.org/escalade/-/escalade-3.2.0.tgz 0ms (cache hit)
1822 http cache @types/d3-interpolate@https://registry.npmjs.org/@types/d3-interpolate/-/d3-interpolate-3.0.4.tgz 0ms (cache hit)
1823 http cache @types/d3-ease@https://registry.npmjs.org/@types/d3-ease/-/d3-ease-3.0.2.tgz 0ms (cache hit)
1824 http cache @types/d3-array@https://registry.npmjs.org/@types/d3-array/-/d3-array-3.2.2.tgz 0ms (cache hit)
1825 http cache @esbuild/win32-x64@https://registry.npmjs.org/@esbuild/win32-x64/-/win32-x64-0.28.2.tgz 0ms (cache hit)
1826 http cache is-number@https://registry.npmjs.org/is-number/-/is-number-7.0.0.tgz 0ms (cache hit)
1827 http cache esbuild@https://registry.npmjs.org/esbuild/-/esbuild-0.28.2.tgz 0ms (cache hit)
1828 http cache thenify@https://registry.npmjs.org/thenify/-/thenify-3.3.1.tgz 0ms (cache hit)
1829 http cache thenify-all@https://registry.npmjs.org/thenify-all/-/thenify-all-1.6.0.tgz 0ms (cache hit)
1830 http cache any-promise@https://registry.npmjs.org/any-promise/-/any-promise-1.3.0.tgz 0ms (cache hit)
1831 http cache @jridgewell/resolve-uri@https://registry.npmjs.org/@jridgewell/resolve-uri/-/resolve-uri-3.1.2.tgz 0ms (cache hit)
1832 http cache @jridgewell/trace-mapping@https://registry.npmjs.org/@jridgewell/trace-mapping/-/trace-mapping-0.3.31.tgz 0ms (cache hit)
1833 http cache ts-interface-checker@https://registry.npmjs.org/ts-interface-checker/-/ts-interface-checker-0.1.13.tgz 0ms (cache hit)
1834 http cache pirates@https://registry.npmjs.org/pirates/-/pirates-4.0.7.tgz 0ms (cache hit)
1835 http cache tinyglobby@https://registry.npmjs.org/tinyglobby/-/tinyglobby-0.2.17.tgz 0ms (cache hit)
1836 http cache mz@https://registry.npmjs.org/mz/-/mz-2.7.0.tgz 0ms (cache hit)
1837 http cache lines-and-columns@https://registry.npmjs.org/lines-and-columns/-/lines-and-columns-1.2.4.tgz 0ms (cache hit)
1838 http cache @jridgewell/gen-mapping@https://registry.npmjs.org/@jridgewell/gen-mapping/-/gen-mapping-0.3.13.tgz 0ms (cache hit)
1839 http cache commander@https://registry.npmjs.org/commander/-/commander-4.1.1.tgz 0ms (cache hit)
1840 http cache @jridgewell/sourcemap-codec@https://registry.npmjs.org/@jridgewell/sourcemap-codec/-/sourcemap-codec-1.6.0.tgz 0ms (cache hit)
1841 http cache queue-microtask@https://registry.npmjs.org/queue-microtask/-/queue-microtask-1.2.3.tgz 0ms (cache hit)
1842 http cache function-bind@https://registry.npmjs.org/function-bind/-/function-bind-1.1.2.tgz 0ms (cache hit)
1843 http cache hasown@https://registry.npmjs.org/hasown/-/hasown-2.0.4.tgz 0ms (cache hit)
1844 http cache supports-preserve-symlinks-flag@https://registry.npmjs.org/supports-preserve-symlinks-flag/-/supports-preserve-symlinks-flag-1.0.0.tgz 0ms (cache hit)
1845 http cache es-errors@https://registry.npmjs.org/es-errors/-/es-errors-1.3.0.tgz 0ms (cache hit)
1846 http cache path-parse@https://registry.npmjs.org/path-parse/-/path-parse-1.0.7.tgz 0ms (cache hit)
1847 http cache is-core-module@https://registry.npmjs.org/is-core-module/-/is-core-module-2.16.2.tgz 0ms (cache hit)
1848 http cache util-deprecate@https://registry.npmjs.org/util-deprecate/-/util-deprecate-1.0.2.tgz 0ms (cache hit)
1849 http cache cssesc@https://registry.npmjs.org/cssesc/-/cssesc-3.0.0.tgz 0ms (cache hit)
1850 http cache camelcase-css@https://registry.npmjs.org/camelcase-css/-/camelcase-css-2.0.1.tgz 0ms (cache hit)
1851 http cache is-extglob@https://registry.npmjs.org/is-extglob/-/is-extglob-2.1.1.tgz 0ms (cache hit)
1852 http cache binary-extensions@https://registry.npmjs.org/binary-extensions/-/binary-extensions-2.3.0.tgz 0ms (cache hit)
1853 http cache read-cache@https://registry.npmjs.org/read-cache/-/read-cache-1.0.2.tgz 0ms (cache hit)
1854 http cache reusify@https://registry.npmjs.org/reusify/-/reusify-1.1.0.tgz 0ms (cache hit)
1855 http cache to-regex-range@https://registry.npmjs.org/to-regex-range/-/to-regex-range-5.0.1.tgz 0ms (cache hit)
1856 http cache @nodelib/fs.scandir@https://registry.npmjs.org/@nodelib/fs.scandir/-/fs.scandir-2.1.5.tgz 0ms (cache hit)
1857 http cache fastq@https://registry.npmjs.org/fastq/-/fastq-1.20.3.tgz 0ms (cache hit)
1858 http cache merge2@https://registry.npmjs.org/merge2/-/merge2-1.4.1.tgz 0ms (cache hit)
1859 http cache run-parallel@https://registry.npmjs.org/run-parallel/-/run-parallel-1.2.0.tgz 0ms (cache hit)
1860 http cache @nodelib/fs.walk@https://registry.npmjs.org/@nodelib/fs.walk/-/fs.walk-1.2.8.tgz 0ms (cache hit)
1861 http cache @nodelib/fs.stat@https://registry.npmjs.org/@nodelib/fs.stat/-/fs.stat-2.0.5.tgz 0ms (cache hit)
1862 http cache fill-range@https://registry.npmjs.org/fill-range/-/fill-range-7.1.1.tgz 0ms (cache hit)
1863 http cache picomatch@https://registry.npmjs.org/picomatch/-/picomatch-2.3.2.tgz 0ms (cache hit)
1864 http cache readdirp@https://registry.npmjs.org/readdirp/-/readdirp-3.6.0.tgz 0ms (cache hit)
1865 http cache is-binary-path@https://registry.npmjs.org/is-binary-path/-/is-binary-path-2.1.0.tgz 0ms (cache hit)
1866 http cache braces@https://registry.npmjs.org/braces/-/braces-3.0.3.tgz 0ms (cache hit)
1867 http cache anymatch@https://registry.npmjs.org/anymatch/-/anymatch-3.1.3.tgz 0ms (cache hit)
1868 http cache postcss-selector-parser@https://registry.npmjs.org/postcss-selector-parser/-/postcss-selector-parser-6.1.4.tgz 0ms (cache hit)
1869 http cache resolve@https://registry.npmjs.org/resolve/-/resolve-1.22.12.tgz 0ms (cache hit)
1870 http cache postcss-nested@https://registry.npmjs.org/postcss-nested/-/postcss-nested-6.2.0.tgz 0ms (cache hit)
1871 http cache sucrase@https://registry.npmjs.org/sucrase/-/sucrase-3.35.1.tgz 0ms (cache hit)
1872 http cache postcss-js@https://registry.npmjs.org/postcss-js/-/postcss-js-4.1.0.tgz 0ms (cache hit)
1873 http cache postcss-load-config@https://registry.npmjs.org/postcss-load-config/-/postcss-load-config-6.0.1.tgz 0ms (cache hit)
1874 http cache postcss-import@https://registry.npmjs.org/postcss-import/-/postcss-import-15.1.0.tgz 0ms (cache hit)
1875 http cache lilconfig@https://registry.npmjs.org/lilconfig/-/lilconfig-3.1.3.tgz 0ms (cache hit)
1876 http cache normalize-path@https://registry.npmjs.org/normalize-path/-/normalize-path-3.0.0.tgz 0ms (cache hit)
1877 http cache micromatch@https://registry.npmjs.org/micromatch/-/micromatch-4.0.8.tgz 0ms (cache hit)
1878 http cache object-hash@https://registry.npmjs.org/object-hash/-/object-hash-3.0.0.tgz 0ms (cache hit)
1879 http cache jiti@https://registry.npmjs.org/jiti/-/jiti-1.21.7.tgz 0ms (cache hit)
1880 http cache fast-glob@https://registry.npmjs.org/fast-glob/-/fast-glob-3.3.3.tgz 0ms (cache hit)
1881 http cache glob-parent@https://registry.npmjs.org/glob-parent/-/glob-parent-6.0.2.tgz 0ms (cache hit)
1882 http cache dlv@https://registry.npmjs.org/dlv/-/dlv-1.1.3.tgz 0ms (cache hit)
1883 http cache is-glob@https://registry.npmjs.org/is-glob/-/is-glob-4.0.3.tgz 0ms (cache hit)
1884 http cache arg@https://registry.npmjs.org/arg/-/arg-5.0.2.tgz 0ms (cache hit)
1885 http cache didyoumean@https://registry.npmjs.org/didyoumean/-/didyoumean-1.2.2.tgz 0ms (cache hit)
1886 http cache chokidar@https://registry.npmjs.org/chokidar/-/chokidar-3.6.0.tgz 0ms (cache hit)
1887 http cache @alloc/quick-lru@https://registry.npmjs.org/@alloc/quick-lru/-/quick-lru-5.2.0.tgz 0ms (cache hit)
1888 http cache @babel/runtime@https://registry.npmjs.org/@babel/runtime/-/runtime-7.29.7.tgz 0ms (cache hit)
1889 http cache client-only@https://registry.npmjs.org/client-only/-/client-only-0.0.1.tgz 0ms (cache hit)
1890 http cache dom-helpers@https://registry.npmjs.org/dom-helpers/-/dom-helpers-5.2.1.tgz 0ms (cache hit)
1891 http cache object-assign@https://registry.npmjs.org/object-assign/-/object-assign-4.1.1.tgz 0ms (cache hit)
1892 http cache prop-types@https://registry.npmjs.org/prop-types/-/prop-types-15.8.1.tgz 0ms (cache hit)
1893 http cache react-transition-group@https://registry.npmjs.org/react-transition-group/-/react-transition-group-4.4.5.tgz 0ms (cache hit)
1894 http cache decimal.js-light@https://registry.npmjs.org/decimal.js-light/-/decimal.js-light-2.5.1.tgz 0ms (cache hit)
1895 http cache fast-equals@https://registry.npmjs.org/fast-equals/-/fast-equals-5.4.1.tgz 0ms (cache hit)
1896 http cache tiny-invariant@https://registry.npmjs.org/tiny-invariant/-/tiny-invariant-1.3.3.tgz 0ms (cache hit)
1897 http cache victory-vendor@https://registry.npmjs.org/victory-vendor/-/victory-vendor-36.9.2.tgz 0ms (cache hit)
1898 http cache recharts-scale@https://registry.npmjs.org/recharts-scale/-/recharts-scale-0.4.5.tgz 0ms (cache hit)
1899 http cache react-smooth@https://registry.npmjs.org/react-smooth/-/react-smooth-4.0.4.tgz 0ms (cache hit)
1900 http cache react-is@https://registry.npmjs.org/react-is/-/react-is-18.3.1.tgz 0ms (cache hit)
1901 http cache eventemitter3@https://registry.npmjs.org/eventemitter3/-/eventemitter3-4.0.7.tgz 0ms (cache hit)
1902 http cache lodash@https://registry.npmjs.org/lodash/-/lodash-4.18.1.tgz 0ms (cache hit)
1903 http cache @react-leaflet/core@https://registry.npmjs.org/@react-leaflet/core/-/core-2.1.0.tgz 0ms (cache hit)
1904 http cache clsx@https://registry.npmjs.org/clsx/-/clsx-2.1.1.tgz 0ms (cache hit)
1905 http cache js-tokens@https://registry.npmjs.org/js-tokens/-/js-tokens-4.0.0.tgz 0ms (cache hit)
1906 http cache loose-envify@https://registry.npmjs.org/loose-envify/-/loose-envify-1.4.0.tgz 0ms (cache hit)
1907 http cache quickselect@https://registry.npmjs.org/quickselect/-/quickselect-2.0.0.tgz 0ms (cache hit)
1908 http cache scheduler@https://registry.npmjs.org/scheduler/-/scheduler-0.23.2.tgz 0ms (cache hit)
1909 http cache source-map-js@https://registry.npmjs.org/source-map-js/-/source-map-js-1.2.1.tgz 0ms (cache hit)
1910 http cache nanoid@https://registry.npmjs.org/nanoid/-/nanoid-3.3.18.tgz 0ms (cache hit)
1911 http cache streamsearch@https://registry.npmjs.org/streamsearch/-/streamsearch-1.1.0.tgz 0ms (cache hit)
1912 http cache splaytree-ts@https://registry.npmjs.org/splaytree-ts/-/splaytree-ts-1.0.2.tgz 0ms (cache hit)
1913 http cache bignumber.js@https://registry.npmjs.org/bignumber.js/-/bignumber.js-9.3.1.tgz 0ms (cache hit)
1914 http cache @swc/counter@https://registry.npmjs.org/@swc/counter/-/counter-0.1.3.tgz 0ms (cache hit)
1915 http cache styled-jsx@https://registry.npmjs.org/styled-jsx/-/styled-jsx-5.1.1.tgz 0ms (cache hit)
1916 http cache @swc/helpers@https://registry.npmjs.org/@swc/helpers/-/helpers-0.5.5.tgz 0ms (cache hit)
1917 http cache graceful-fs@https://registry.npmjs.org/graceful-fs/-/graceful-fs-4.2.11.tgz 0ms (cache hit)
1918 http cache busboy@https://registry.npmjs.org/busboy/-/busboy-1.6.0.tgz 0ms (cache hit)
1919 http cache @next/swc-win32-x64-msvc@https://registry.npmjs.org/@next/swc-win32-x64-msvc/-/swc-win32-x64-msvc-14.2.33.tgz 0ms (cache hit)
1920 http cache d3-array@https://registry.npmjs.org/d3-array/-/d3-array-2.12.1.tgz 0ms (cache hit)
1921 http cache internmap@https://registry.npmjs.org/internmap/-/internmap-1.0.1.tgz 0ms (cache hit)
1922 http cache point-in-polygon@https://registry.npmjs.org/point-in-polygon/-/point-in-polygon-1.1.0.tgz 0ms (cache hit)
1923 http cache @next/env@https://registry.npmjs.org/@next/env/-/env-14.2.35.tgz 0ms (cache hit)
1924 http cache electron-to-chromium@https://registry.npmjs.org/electron-to-chromium/-/electron-to-chromium-1.5.416.tgz 0ms (cache hit)
1925 http cache update-browserslist-db@https://registry.npmjs.org/update-browserslist-db/-/update-browserslist-db-1.3.2.tgz 0ms (cache hit)
1926 http cache baseline-browser-mapping@https://registry.npmjs.org/baseline-browser-mapping/-/baseline-browser-mapping-2.11.20.tgz 0ms (cache hit)
1927 http cache postcss-value-parser@https://registry.npmjs.org/postcss-value-parser/-/postcss-value-parser-4.2.0.tgz 0ms (cache hit)
1928 http cache picocolors@https://registry.npmjs.org/picocolors/-/picocolors-1.1.1.tgz 0ms (cache hit)
1929 http cache fraction.js@https://registry.npmjs.org/fraction.js/-/fraction.js-5.3.4.tgz 0ms (cache hit)
1930 http cache @types/prop-types@https://registry.npmjs.org/@types/prop-types/-/prop-types-15.7.15.tgz 0ms (cache hit)
1931 http cache browserslist@https://registry.npmjs.org/browserslist/-/browserslist-4.28.8.tgz 0ms (cache hit)
1932 http cache caniuse-lite@https://registry.npmjs.org/caniuse-lite/-/caniuse-lite-1.0.30001810.tgz 0ms (cache hit)
1933 http cache d3-voronoi@https://registry.npmjs.org/d3-voronoi/-/d3-voronoi-1.1.2.tgz 0ms (cache hit)
1934 http cache @types/d3-voronoi@https://registry.npmjs.org/@types/d3-voronoi/-/d3-voronoi-1.1.12.tgz 0ms (cache hit)
1935 http cache csstype@https://registry.npmjs.org/csstype/-/csstype-3.2.3.tgz 0ms (cache hit)
1936 http cache node-releases@https://registry.npmjs.org/node-releases/-/node-releases-2.0.54.tgz 0ms (cache hit)
1937 http cache undici-types@https://registry.npmjs.org/undici-types/-/undici-types-6.21.0.tgz 0ms (cache hit)
1938 http cache @types/earcut@https://registry.npmjs.org/@types/earcut/-/earcut-2.1.4.tgz 0ms (cache hit)
1939 http cache earcut@https://registry.npmjs.org/earcut/-/earcut-2.2.4.tgz 0ms (cache hit)
1940 http cache tinyqueue@https://registry.npmjs.org/tinyqueue/-/tinyqueue-2.0.3.tgz 0ms (cache hit)
1941 http cache fast-deep-equal@https://registry.npmjs.org/fast-deep-equal/-/fast-deep-equal-3.1.3.tgz 0ms (cache hit)
1942 http cache jsts@https://registry.npmjs.org/jsts/-/jsts-2.7.1.tgz 0ms (cache hit)
1943 http cache robust-predicates@https://registry.npmjs.org/robust-predicates/-/robust-predicates-2.0.4.tgz 0ms (cache hit)
1944 http cache arc@https://registry.npmjs.org/arc/-/arc-0.2.0.tgz 0ms (cache hit)
1945 http cache polyclip-ts@https://registry.npmjs.org/polyclip-ts/-/polyclip-ts-0.16.8.tgz 0ms (cache hit)
1946 http cache topojson-client@https://registry.npmjs.org/topojson-client/-/topojson-client-3.1.0.tgz 0ms (cache hit)
1947 http cache concaveman@https://registry.npmjs.org/concaveman/-/concaveman-1.2.1.tgz 0ms (cache hit)
1948 http cache topojson-server@https://registry.npmjs.org/topojson-server/-/topojson-server-3.0.1.tgz 0ms (cache hit)
1949 http cache skmeans@https://registry.npmjs.org/skmeans/-/skmeans-0.9.7.tgz 0ms (cache hit)
1950 http cache rbush@https://registry.npmjs.org/rbush/-/rbush-3.0.1.tgz 0ms (cache hit)
1951 http cache @turf/jsts@https://registry.npmjs.org/@turf/jsts/-/jsts-2.7.2.tgz 1ms (cache hit)
1952 http cache d3-geo@https://registry.npmjs.org/d3-geo/-/d3-geo-2.0.2.tgz 0ms (cache hit)
1953 http cache point-in-polygon-hao@https://registry.npmjs.org/point-in-polygon-hao/-/point-in-polygon-hao-1.2.4.tgz 0ms (cache hit)
1954 http cache geojson-polygon-self-intersections@https://registry.npmjs.org/geojson-polygon-self-intersections/-/geojson-polygon-self-intersections-1.2.2.tgz 0ms (cache hit)
1955 http cache geojson-equality-ts@https://registry.npmjs.org/geojson-equality-ts/-/geojson-equality-ts-1.0.2.tgz 0ms (cache hit)
1956 http cache tslib@https://registry.npmjs.org/tslib/-/tslib-2.8.1.tgz 0ms (cache hit)
1957 http cache @types/kdbush@https://registry.npmjs.org/@types/kdbush/-/kdbush-3.0.5.tgz 0ms (cache hit)
1958 http cache @types/geojson@https://registry.npmjs.org/@types/geojson/-/geojson-7946.0.16.tgz 0ms (cache hit)
1959 http cache @turf/union@https://registry.npmjs.org/@turf/union/-/union-7.4.0.tgz 0ms (cache hit)
1960 http cache @turf/unkink-polygon@https://registry.npmjs.org/@turf/unkink-polygon/-/unkink-polygon-7.4.0.tgz 0ms (cache hit)
1961 http cache @turf/voronoi@https://registry.npmjs.org/@turf/voronoi/-/voronoi-7.4.0.tgz 0ms (cache hit)
1962 http cache @turf/triangle-grid@https://registry.npmjs.org/@turf/triangle-grid/-/triangle-grid-7.4.0.tgz 0ms (cache hit)
1963 http cache @turf/truncate@https://registry.npmjs.org/@turf/truncate/-/truncate-7.4.0.tgz 0ms (cache hit)
1964 http cache @turf/transform-translate@https://registry.npmjs.org/@turf/transform-translate/-/transform-translate-7.4.0.tgz 0ms (cache hit)
1965 http cache @turf/transform-rotate@https://registry.npmjs.org/@turf/transform-rotate/-/transform-rotate-7.4.0.tgz 0ms (cache hit)
1966 http cache @turf/tesselate@https://registry.npmjs.org/@turf/tesselate/-/tesselate-7.4.0.tgz 0ms (cache hit)
1967 http cache @turf/tin@https://registry.npmjs.org/@turf/tin/-/tin-7.4.0.tgz 0ms (cache hit)
1968 http cache @turf/standard-deviational-ellipse@https://registry.npmjs.org/@turf/standard-deviational-ellipse/-/standard-deviational-ellipse-7.4.0.tgz 0ms (cache hit)
1969 http cache @turf/tag@https://registry.npmjs.org/@turf/tag/-/tag-7.4.0.tgz 0ms (cache hit)
1970 http cache @turf/transform-scale@https://registry.npmjs.org/@turf/transform-scale/-/transform-scale-7.4.0.tgz 0ms (cache hit)
1971 http cache @turf/square-grid@https://registry.npmjs.org/@turf/square-grid/-/square-grid-7.4.0.tgz 0ms (cache hit)
1972 http cache @turf/square@https://registry.npmjs.org/@turf/square/-/square-7.4.0.tgz 0ms (cache hit)
1973 http cache @turf/simplify@https://registry.npmjs.org/@turf/simplify/-/simplify-7.4.0.tgz 0ms (cache hit)
1974 http cache @turf/sample@https://registry.npmjs.org/@turf/sample/-/sample-7.4.0.tgz 0ms (cache hit)
1975 http cache @turf/shortest-path@https://registry.npmjs.org/@turf/shortest-path/-/shortest-path-7.4.0.tgz 0ms (cache hit)
1976 http cache @turf/rhumb-distance@https://registry.npmjs.org/@turf/rhumb-distance/-/rhumb-distance-7.4.0.tgz 0ms (cache hit)
1977 http cache @turf/rhumb-destination@https://registry.npmjs.org/@turf/rhumb-destination/-/rhumb-destination-7.4.0.tgz 0ms (cache hit)
1978 http cache @turf/rewind@https://registry.npmjs.org/@turf/rewind/-/rewind-7.4.0.tgz 0ms (cache hit)
1979 http cache @turf/rectangle-grid@https://registry.npmjs.org/@turf/rectangle-grid/-/rectangle-grid-7.4.0.tgz 0ms (cache hit)
1980 http cache @turf/sector@https://registry.npmjs.org/@turf/sector/-/sector-7.4.0.tgz 0ms (cache hit)
1981 http cache @turf/rhumb-bearing@https://registry.npmjs.org/@turf/rhumb-bearing/-/rhumb-bearing-7.4.0.tgz 0ms (cache hit)
1982 http cache @turf/random@https://registry.npmjs.org/@turf/random/-/random-7.4.0.tgz 0ms (cache hit)
1983 http cache @turf/quadrat-analysis@https://registry.npmjs.org/@turf/quadrat-analysis/-/quadrat-analysis-7.4.0.tgz 0ms (cache hit)
1984 http cache @turf/polygon-to-line@https://registry.npmjs.org/@turf/polygon-to-line/-/polygon-to-line-7.4.0.tgz 0ms (cache hit)
1985 http cache @turf/polygon-tangents@https://registry.npmjs.org/@turf/polygon-tangents/-/polygon-tangents-7.4.0.tgz 0ms (cache hit)
1986 http cache @turf/projection@https://registry.npmjs.org/@turf/projection/-/projection-7.4.0.tgz 0ms (cache hit)
1987 http cache @turf/polygonize@https://registry.npmjs.org/@turf/polygonize/-/polygonize-7.4.0.tgz 0ms (cache hit)
1988 http cache @turf/points-within-polygon@https://registry.npmjs.org/@turf/points-within-polygon/-/points-within-polygon-7.4.0.tgz 0ms (cache hit)
1989 http cache @turf/polygon-smooth@https://registry.npmjs.org/@turf/polygon-smooth/-/polygon-smooth-7.4.0.tgz 0ms (cache hit)
1990 http cache @turf/point-to-polygon-distance@https://registry.npmjs.org/@turf/point-to-polygon-distance/-/point-to-polygon-distance-7.4.0.tgz 0ms (cache hit)
1991 http cache @turf/point-on-feature@https://registry.npmjs.org/@turf/point-on-feature/-/point-on-feature-7.4.0.tgz 0ms (cache hit)
1992 http cache @turf/point-to-line-distance@https://registry.npmjs.org/@turf/point-to-line-distance/-/point-to-line-distance-7.4.0.tgz 0ms (cache hit)
1993 http cache @turf/point-grid@https://registry.npmjs.org/@turf/point-grid/-/point-grid-7.4.0.tgz 0ms (cache hit)
1994 http cache @turf/nearest-point-to-line@https://registry.npmjs.org/@turf/nearest-point-to-line/-/nearest-point-to-line-7.4.0.tgz 0ms (cache hit)
1995 http cache @turf/planepoint@https://registry.npmjs.org/@turf/planepoint/-/planepoint-7.4.0.tgz 0ms (cache hit)
1996 http cache @turf/nearest-point@https://registry.npmjs.org/@turf/nearest-point/-/nearest-point-7.4.0.tgz 0ms (cache hit)
1997 http cache @turf/nearest-point-on-line@https://registry.npmjs.org/@turf/nearest-point-on-line/-/nearest-point-on-line-7.4.0.tgz 0ms (cache hit)
1998 http cache @turf/nearest-neighbor-analysis@https://registry.npmjs.org/@turf/nearest-neighbor-analysis/-/nearest-neighbor-analysis-7.4.0.tgz 0ms (cache hit)
1999 http cache @turf/mask@https://registry.npmjs.org/@turf/mask/-/mask-7.4.0.tgz 0ms (cache hit)
2000 http cache @turf/midpoint@https://registry.npmjs.org/@turf/midpoint/-/midpoint-7.4.0.tgz 0ms (cache hit)
2001 http cache @turf/moran-index@https://registry.npmjs.org/@turf/moran-index/-/moran-index-7.4.0.tgz 0ms (cache hit)
2002 http cache @turf/meta@https://registry.npmjs.org/@turf/meta/-/meta-7.4.0.tgz 0ms (cache hit)
2003 http cache @turf/line-to-polygon@https://registry.npmjs.org/@turf/line-to-polygon/-/line-to-polygon-7.4.0.tgz 0ms (cache hit)
2004 http cache @turf/line-split@https://registry.npmjs.org/@turf/line-split/-/line-split-7.4.0.tgz 0ms (cache hit)
2005 http cache @turf/line-overlap@https://registry.npmjs.org/@turf/line-overlap/-/line-overlap-7.4.0.tgz 0ms (cache hit)
2006 http cache @turf/line-slice-along@https://registry.npmjs.org/@turf/line-slice-along/-/line-slice-along-7.4.0.tgz 0ms (cache hit)
2007 http cache @turf/line-segment@https://registry.npmjs.org/@turf/line-segment/-/line-segment-7.4.0.tgz 0ms (cache hit)
2008 http cache @turf/line-slice@https://registry.npmjs.org/@turf/line-slice/-/line-slice-7.4.0.tgz 0ms (cache hit)
2009 http cache @turf/line-offset@https://registry.npmjs.org/@turf/line-offset/-/line-offset-7.4.0.tgz 0ms (cache hit)
2010 http cache @turf/line-chunk@https://registry.npmjs.org/@turf/line-chunk/-/line-chunk-7.4.0.tgz 0ms (cache hit)
2011 http cache @turf/line-intersect@https://registry.npmjs.org/@turf/line-intersect/-/line-intersect-7.4.0.tgz 0ms (cache hit)
2012 http cache @turf/kinks@https://registry.npmjs.org/@turf/kinks/-/kinks-7.4.0.tgz 0ms (cache hit)
2013 http cache @turf/line-arc@https://registry.npmjs.org/@turf/line-arc/-/line-arc-7.4.0.tgz 0ms (cache hit)
2014 http cache @turf/length@https://registry.npmjs.org/@turf/length/-/length-7.4.0.tgz 0ms (cache hit)
2015 http cache @turf/isobands@https://registry.npmjs.org/@turf/isobands/-/isobands-7.4.0.tgz 0ms (cache hit)
2016 http cache @turf/isolines@https://registry.npmjs.org/@turf/isolines/-/isolines-7.4.0.tgz 0ms (cache hit)
2017 http cache @turf/intersect@https://registry.npmjs.org/@turf/intersect/-/intersect-7.4.0.tgz 0ms (cache hit)
2018 http cache @turf/interpolate@https://registry.npmjs.org/@turf/interpolate/-/interpolate-7.4.0.tgz 0ms (cache hit)
2019 http cache @turf/invariant@https://registry.npmjs.org/@turf/invariant/-/invariant-7.4.0.tgz 0ms (cache hit)
2020 http cache @turf/helpers@https://registry.npmjs.org/@turf/helpers/-/helpers-7.4.0.tgz 0ms (cache hit)
2021 http cache @turf/great-circle@https://registry.npmjs.org/@turf/great-circle/-/great-circle-7.4.0.tgz 0ms (cache hit)
2022 http cache @turf/hex-grid@https://registry.npmjs.org/@turf/hex-grid/-/hex-grid-7.4.0.tgz 0ms (cache hit)
2023 http cache @turf/flip@https://registry.npmjs.org/@turf/flip/-/flip-7.4.0.tgz 0ms (cache hit)
2024 http cache @turf/explode@https://registry.npmjs.org/@turf/explode/-/explode-7.4.0.tgz 0ms (cache hit)
2025 http cache @turf/geojson-rbush@https://registry.npmjs.org/@turf/geojson-rbush/-/geojson-rbush-7.4.0.tgz 0ms (cache hit)
2026 http cache @turf/flatten@https://registry.npmjs.org/@turf/flatten/-/flatten-7.4.0.tgz 0ms (cache hit)
2027 http cache @turf/distance@https://registry.npmjs.org/@turf/distance/-/distance-7.4.0.tgz 0ms (cache hit)
2028 http cache @turf/distance-weight@https://registry.npmjs.org/@turf/distance-weight/-/distance-weight-7.4.0.tgz 0ms (cache hit)
2029 http cache @turf/dissolve@https://registry.npmjs.org/@turf/dissolve/-/dissolve-7.4.0.tgz 0ms (cache hit)
2030 http cache @turf/ellipse@https://registry.npmjs.org/@turf/ellipse/-/ellipse-7.4.0.tgz 0ms (cache hit)
2031 http cache @turf/difference@https://registry.npmjs.org/@turf/difference/-/difference-7.4.0.tgz 0ms (cache hit)
2032 http cache @turf/directional-mean@https://registry.npmjs.org/@turf/directional-mean/-/directional-mean-7.4.0.tgz 0ms (cache hit)
2033 http cache @turf/destination@https://registry.npmjs.org/@turf/destination/-/destination-7.4.0.tgz 0ms (cache hit)
2034 http cache @turf/envelope@https://registry.npmjs.org/@turf/envelope/-/envelope-7.4.0.tgz 0ms (cache hit)
2035 http cache @turf/concave@https://registry.npmjs.org/@turf/concave/-/concave-7.4.0.tgz 0ms (cache hit)
2036 http cache @turf/convex@https://registry.npmjs.org/@turf/convex/-/convex-7.4.0.tgz 0ms (cache hit)
2037 http cache @turf/combine@https://registry.npmjs.org/@turf/combine/-/combine-7.4.0.tgz 0ms (cache hit)
2038 http cache @turf/clusters-kmeans@https://registry.npmjs.org/@turf/clusters-kmeans/-/clusters-kmeans-7.4.0.tgz 0ms (cache hit)
2039 http cache @turf/clusters@https://registry.npmjs.org/@turf/clusters/-/clusters-7.4.0.tgz 0ms (cache hit)
2040 http cache @turf/clean-coords@https://registry.npmjs.org/@turf/clean-coords/-/clean-coords-7.4.0.tgz 0ms (cache hit)
2041 http cache @turf/collect@https://registry.npmjs.org/@turf/collect/-/collect-7.4.0.tgz 0ms (cache hit)
2042 http cache @turf/circle@https://registry.npmjs.org/@turf/circle/-/circle-7.4.0.tgz 0ms (cache hit)
2043 http cache @turf/clone@https://registry.npmjs.org/@turf/clone/-/clone-7.4.0.tgz 0ms (cache hit)
2044 http cache @turf/centroid@https://registry.npmjs.org/@turf/centroid/-/centroid-7.4.0.tgz 0ms (cache hit)
2045 http cache @turf/clusters-dbscan@https://registry.npmjs.org/@turf/clusters-dbscan/-/clusters-dbscan-7.4.0.tgz 0ms (cache hit)
2046 http cache @turf/center-mean@https://registry.npmjs.org/@turf/center-mean/-/center-mean-7.4.0.tgz 0ms (cache hit)
2047 http cache @turf/center-of-mass@https://registry.npmjs.org/@turf/center-of-mass/-/center-of-mass-7.4.0.tgz 0ms (cache hit)
2048 http cache @turf/center-median@https://registry.npmjs.org/@turf/center-median/-/center-median-7.4.0.tgz 0ms (cache hit)
2049 http cache @turf/buffer@https://registry.npmjs.org/@turf/buffer/-/buffer-7.4.0.tgz 0ms (cache hit)
2050 http cache @turf/center@https://registry.npmjs.org/@turf/center/-/center-7.4.0.tgz 0ms (cache hit)
2051 http cache @turf/boolean-valid@https://registry.npmjs.org/@turf/boolean-valid/-/boolean-valid-7.4.0.tgz 0ms (cache hit)
2052 http cache @turf/boolean-within@https://registry.npmjs.org/@turf/boolean-within/-/boolean-within-7.4.0.tgz 0ms (cache hit)
2053 http cache @turf/boolean-touches@https://registry.npmjs.org/@turf/boolean-touches/-/boolean-touches-7.4.0.tgz 0ms (cache hit)
2054 http cache @turf/boolean-point-in-polygon@https://registry.npmjs.org/@turf/boolean-point-in-polygon/-/boolean-point-in-polygon-7.4.0.tgz 0ms (cache hit)
2055 http cache @turf/boolean-point-on-line@https://registry.npmjs.org/@turf/boolean-point-on-line/-/boolean-point-on-line-7.4.0.tgz 0ms (cache hit)
2056 http cache @turf/boolean-intersects@https://registry.npmjs.org/@turf/boolean-intersects/-/boolean-intersects-7.4.0.tgz 0ms (cache hit)
2057 http cache @turf/boolean-parallel@https://registry.npmjs.org/@turf/boolean-parallel/-/boolean-parallel-7.4.0.tgz 0ms (cache hit)
2058 http cache @turf/boolean-overlap@https://registry.npmjs.org/@turf/boolean-overlap/-/boolean-overlap-7.4.0.tgz 0ms (cache hit)
2059 http cache @turf/boolean-equal@https://registry.npmjs.org/@turf/boolean-equal/-/boolean-equal-7.4.0.tgz 0ms (cache hit)
2060 http cache @turf/boolean-crosses@https://registry.npmjs.org/@turf/boolean-crosses/-/boolean-crosses-7.4.0.tgz 0ms (cache hit)
2061 http cache @turf/boolean-disjoint@https://registry.npmjs.org/@turf/boolean-disjoint/-/boolean-disjoint-7.4.0.tgz 0ms (cache hit)
2062 http cache @turf/boolean-contains@https://registry.npmjs.org/@turf/boolean-contains/-/boolean-contains-7.4.0.tgz 0ms (cache hit)
2063 http cache @turf/boolean-concave@https://registry.npmjs.org/@turf/boolean-concave/-/boolean-concave-7.4.0.tgz 0ms (cache hit)
2064 http cache @turf/boolean-clockwise@https://registry.npmjs.org/@turf/boolean-clockwise/-/boolean-clockwise-7.4.0.tgz 0ms (cache hit)
2065 http cache @turf/bezier-spline@https://registry.npmjs.org/@turf/bezier-spline/-/bezier-spline-7.4.0.tgz 0ms (cache hit)
2066 http cache @turf/bearing@https://registry.npmjs.org/@turf/bearing/-/bearing-7.4.0.tgz 0ms (cache hit)
2067 http cache @turf/bbox-clip@https://registry.npmjs.org/@turf/bbox-clip/-/bbox-clip-7.4.0.tgz 0ms (cache hit)
2068 http cache @turf/bbox@https://registry.npmjs.org/@turf/bbox/-/bbox-7.4.0.tgz 0ms (cache hit)
2069 http cache @turf/bbox-polygon@https://registry.npmjs.org/@turf/bbox-polygon/-/bbox-polygon-7.4.0.tgz 0ms (cache hit)
2070 http cache @turf/area@https://registry.npmjs.org/@turf/area/-/area-7.4.0.tgz 0ms (cache hit)
2071 http cache typescript@https://registry.npmjs.org/typescript/-/typescript-5.9.3.tgz 0ms (cache hit)
2072 http cache @turf/angle@https://registry.npmjs.org/@turf/angle/-/angle-7.4.0.tgz 0ms (cache hit)
2073 http cache @turf/along@https://registry.npmjs.org/@turf/along/-/along-7.4.0.tgz 0ms (cache hit)
2074 http cache tailwindcss@https://registry.npmjs.org/tailwindcss/-/tailwindcss-3.4.19.tgz 0ms (cache hit)
2075 http cache tsx@https://registry.npmjs.org/tsx/-/tsx-4.23.13.tgz 0ms (cache hit)
2076 http cache react-leaflet@https://registry.npmjs.org/react-leaflet/-/react-leaflet-4.2.1.tgz 0ms (cache hit)
2077 http cache react-dom@https://registry.npmjs.org/react-dom/-/react-dom-18.3.1.tgz 0ms (cache hit)
2078 http cache react@https://registry.npmjs.org/react/-/react-18.3.1.tgz 0ms (cache hit)
2079 http cache recharts@https://registry.npmjs.org/recharts/-/recharts-2.15.4.tgz 0ms (cache hit)
2080 http cache next@https://registry.npmjs.org/next/-/next-14.2.35.tgz 0ms (cache hit)
2081 http cache leaflet@https://registry.npmjs.org/leaflet/-/leaflet-1.9.4.tgz 0ms (cache hit)
2082 http cache autoprefixer@https://registry.npmjs.org/autoprefixer/-/autoprefixer-10.5.4.tgz 0ms (cache hit)
2083 http cache postcss@https://registry.npmjs.org/postcss/-/postcss-8.5.26.tgz 0ms (cache hit)
2084 http cache @types/react-dom@https://registry.npmjs.org/@types/react-dom/-/react-dom-18.3.7.tgz 0ms (cache hit)
2085 http cache @types/react@https://registry.npmjs.org/@types/react/-/react-18.3.31.tgz 0ms (cache hit)
2086 http cache @types/node@https://registry.npmjs.org/@types/node/-/node-20.19.43.tgz 0ms (cache hit)
2087 http cache @turf/turf@https://registry.npmjs.org/@turf/turf/-/turf-7.4.0.tgz 0ms (cache hit)
2088 http cache @types/leaflet@https://registry.npmjs.org/@types/leaflet/-/leaflet-1.9.22.tgz 0ms (cache hit)
2089 http cache glob-parent@https://registry.npmjs.org/glob-parent/-/glob-parent-5.1.2.tgz 0ms (cache hit)
2090 http cache picomatch@https://registry.npmjs.org/picomatch/-/picomatch-4.0.7.tgz 0ms (cache hit)
2091 http cache fdir@https://registry.npmjs.org/fdir/-/fdir-6.5.0.tgz 0ms (cache hit)
2092 http cache commander@https://registry.npmjs.org/commander/-/commander-2.20.3.tgz 0ms (cache hit)
2093 http cache d3-array@https://registry.npmjs.org/d3-array/-/d3-array-3.2.4.tgz 0ms (cache hit)
2094 http cache react-is@https://registry.npmjs.org/react-is/-/react-is-16.13.1.tgz 0ms (cache hit)
2095 http cache glob-parent@https://registry.npmjs.org/glob-parent/-/glob-parent-5.1.2.tgz 0ms (cache hit)
2096 http cache commander@https://registry.npmjs.org/commander/-/commander-2.20.3.tgz 0ms (cache hit)
2097 http cache quickselect@https://registry.npmjs.org/quickselect/-/quickselect-1.1.1.tgz 0ms (cache hit)
2098 silly tarball no local data for d3-path@https://registry.npmjs.org/d3-path/-/d3-path-3.1.0.tgz. Extracting by manifest.
2099 http cache robust-predicates@https://registry.npmjs.org/robust-predicates/-/robust-predicates-3.0.3.tgz 0ms (cache hit)
2100 http cache postcss@https://registry.npmjs.org/postcss/-/postcss-8.4.31.tgz 0ms (cache hit)
2101 silly tarball no local data for d3-time-format@https://registry.npmjs.org/d3-time-format/-/d3-time-format-4.1.0.tgz. Extracting by manifest.
2102 silly tarball no local data for d3-format@https://registry.npmjs.org/d3-format/-/d3-format-3.1.2.tgz. Extracting by manifest.
2103 silly tarball no local data for d3-color@https://registry.npmjs.org/d3-color/-/d3-color-3.1.0.tgz. Extracting by manifest.
2104 http cache rbush@https://registry.npmjs.org/rbush/-/rbush-2.0.2.tgz 0ms (cache hit)
2105 silly tarball no local data for @types/d3-color@https://registry.npmjs.org/@types/d3-color/-/d3-color-3.1.3.tgz. Extracting by manifest.
2106 silly tarball no local data for d3-timer@https://registry.npmjs.org/d3-timer/-/d3-timer-3.0.1.tgz. Extracting by manifest.
2107 silly tarball no local data for d3-time@https://registry.npmjs.org/d3-time/-/d3-time-3.1.0.tgz. Extracting by manifest.
2108 silly tarball no local data for @types/d3-path@https://registry.npmjs.org/@types/d3-path/-/d3-path-3.1.1.tgz. Extracting by manifest.
2109 silly tarball no local data for d3-scale@https://registry.npmjs.org/d3-scale/-/d3-scale-4.0.2.tgz. Extracting by manifest.
2110 silly tarball no local data for d3-ease@https://registry.npmjs.org/d3-ease/-/d3-ease-3.0.1.tgz. Extracting by manifest.
2111 silly tarball no local data for d3-shape@https://registry.npmjs.org/d3-shape/-/d3-shape-3.2.0.tgz. Extracting by manifest.
2112 silly tarball no local data for d3-interpolate@https://registry.npmjs.org/d3-interpolate/-/d3-interpolate-3.0.1.tgz. Extracting by manifest.
2113 silly tarball no local data for @types/d3-time@https://registry.npmjs.org/@types/d3-time/-/d3-time-3.0.4.tgz. Extracting by manifest.
2114 silly tarball no local data for @types/d3-timer@https://registry.npmjs.org/@types/d3-timer/-/d3-timer-3.0.2.tgz. Extracting by manifest.
2115 silly tarball no local data for @types/d3-scale@https://registry.npmjs.org/@types/d3-scale/-/d3-scale-4.0.9.tgz. Extracting by manifest.
2116 silly tarball no local data for @types/d3-shape@https://registry.npmjs.org/@types/d3-shape/-/d3-shape-3.2.0.tgz. Extracting by manifest.
2117 silly tarball no local data for escalade@https://registry.npmjs.org/escalade/-/escalade-3.2.0.tgz. Extracting by manifest.
2118 silly tarball no local data for @types/d3-interpolate@https://registry.npmjs.org/@types/d3-interpolate/-/d3-interpolate-3.0.4.tgz. Extracting by manifest.
2119 silly tarball no local data for @types/d3-ease@https://registry.npmjs.org/@types/d3-ease/-/d3-ease-3.0.2.tgz. Extracting by manifest.
2120 silly tarball no local data for @types/d3-array@https://registry.npmjs.org/@types/d3-array/-/d3-array-3.2.2.tgz. Extracting by manifest.
2121 silly tarball no local data for @esbuild/win32-x64@https://registry.npmjs.org/@esbuild/win32-x64/-/win32-x64-0.28.2.tgz. Extracting by manifest.
2122 silly tarball no local data for is-number@https://registry.npmjs.org/is-number/-/is-number-7.0.0.tgz. Extracting by manifest.
2123 silly tarball no local data for esbuild@https://registry.npmjs.org/esbuild/-/esbuild-0.28.2.tgz. Extracting by manifest.
2124 silly tarball no local data for thenify@https://registry.npmjs.org/thenify/-/thenify-3.3.1.tgz. Extracting by manifest.
2125 silly tarball no local data for thenify-all@https://registry.npmjs.org/thenify-all/-/thenify-all-1.6.0.tgz. Extracting by manifest.
2126 silly tarball no local data for any-promise@https://registry.npmjs.org/any-promise/-/any-promise-1.3.0.tgz. Extracting by manifest.
2127 silly tarball no local data for @jridgewell/resolve-uri@https://registry.npmjs.org/@jridgewell/resolve-uri/-/resolve-uri-3.1.2.tgz. Extracting by manifest.
2128 silly tarball no local data for @jridgewell/trace-mapping@https://registry.npmjs.org/@jridgewell/trace-mapping/-/trace-mapping-0.3.31.tgz. Extracting by manifest.
2129 silly tarball no local data for ts-interface-checker@https://registry.npmjs.org/ts-interface-checker/-/ts-interface-checker-0.1.13.tgz. Extracting by manifest.
2130 silly tarball no local data for pirates@https://registry.npmjs.org/pirates/-/pirates-4.0.7.tgz. Extracting by manifest.
2131 silly tarball no local data for tinyglobby@https://registry.npmjs.org/tinyglobby/-/tinyglobby-0.2.17.tgz. Extracting by manifest.
2132 silly tarball no local data for mz@https://registry.npmjs.org/mz/-/mz-2.7.0.tgz. Extracting by manifest.
2133 silly tarball no local data for lines-and-columns@https://registry.npmjs.org/lines-and-columns/-/lines-and-columns-1.2.4.tgz. Extracting by manifest.
2134 silly tarball no local data for @jridgewell/gen-mapping@https://registry.npmjs.org/@jridgewell/gen-mapping/-/gen-mapping-0.3.13.tgz. Extracting by manifest.
2135 silly tarball no local data for commander@https://registry.npmjs.org/commander/-/commander-4.1.1.tgz. Extracting by manifest.
2136 silly tarball no local data for @jridgewell/sourcemap-codec@https://registry.npmjs.org/@jridgewell/sourcemap-codec/-/sourcemap-codec-1.6.0.tgz. Extracting by manifest.
2137 silly tarball no local data for queue-microtask@https://registry.npmjs.org/queue-microtask/-/queue-microtask-1.2.3.tgz. Extracting by manifest.
2138 silly tarball no local data for function-bind@https://registry.npmjs.org/function-bind/-/function-bind-1.1.2.tgz. Extracting by manifest.
2139 silly tarball no local data for hasown@https://registry.npmjs.org/hasown/-/hasown-2.0.4.tgz. Extracting by manifest.
2140 silly tarball no local data for supports-preserve-symlinks-flag@https://registry.npmjs.org/supports-preserve-symlinks-flag/-/supports-preserve-symlinks-flag-1.0.0.tgz. Extracting by manifest.
2141 silly tarball no local data for es-errors@https://registry.npmjs.org/es-errors/-/es-errors-1.3.0.tgz. Extracting by manifest.
2142 silly tarball no local data for path-parse@https://registry.npmjs.org/path-parse/-/path-parse-1.0.7.tgz. Extracting by manifest.
2143 silly tarball no local data for is-core-module@https://registry.npmjs.org/is-core-module/-/is-core-module-2.16.2.tgz. Extracting by manifest.
2144 silly tarball no local data for util-deprecate@https://registry.npmjs.org/util-deprecate/-/util-deprecate-1.0.2.tgz. Extracting by manifest.
2145 silly tarball no local data for cssesc@https://registry.npmjs.org/cssesc/-/cssesc-3.0.0.tgz. Extracting by manifest.
2146 silly tarball no local data for camelcase-css@https://registry.npmjs.org/camelcase-css/-/camelcase-css-2.0.1.tgz. Extracting by manifest.
2147 silly tarball no local data for is-extglob@https://registry.npmjs.org/is-extglob/-/is-extglob-2.1.1.tgz. Extracting by manifest.
2148 silly tarball no local data for binary-extensions@https://registry.npmjs.org/binary-extensions/-/binary-extensions-2.3.0.tgz. Extracting by manifest.
2149 silly tarball no local data for read-cache@https://registry.npmjs.org/read-cache/-/read-cache-1.0.2.tgz. Extracting by manifest.
2150 silly tarball no local data for reusify@https://registry.npmjs.org/reusify/-/reusify-1.1.0.tgz. Extracting by manifest.
2151 silly tarball no local data for to-regex-range@https://registry.npmjs.org/to-regex-range/-/to-regex-range-5.0.1.tgz. Extracting by manifest.
2152 silly tarball no local data for @nodelib/fs.scandir@https://registry.npmjs.org/@nodelib/fs.scandir/-/fs.scandir-2.1.5.tgz. Extracting by manifest.
2153 silly tarball no local data for fastq@https://registry.npmjs.org/fastq/-/fastq-1.20.3.tgz. Extracting by manifest.
2154 silly tarball no local data for merge2@https://registry.npmjs.org/merge2/-/merge2-1.4.1.tgz. Extracting by manifest.
2155 silly tarball no local data for run-parallel@https://registry.npmjs.org/run-parallel/-/run-parallel-1.2.0.tgz. Extracting by manifest.
2156 silly tarball no local data for @nodelib/fs.walk@https://registry.npmjs.org/@nodelib/fs.walk/-/fs.walk-1.2.8.tgz. Extracting by manifest.
2157 silly tarball no local data for @nodelib/fs.stat@https://registry.npmjs.org/@nodelib/fs.stat/-/fs.stat-2.0.5.tgz. Extracting by manifest.
2158 silly tarball no local data for fill-range@https://registry.npmjs.org/fill-range/-/fill-range-7.1.1.tgz. Extracting by manifest.
2159 silly tarball no local data for picomatch@https://registry.npmjs.org/picomatch/-/picomatch-2.3.2.tgz. Extracting by manifest.
2160 silly tarball no local data for readdirp@https://registry.npmjs.org/readdirp/-/readdirp-3.6.0.tgz. Extracting by manifest.
2161 silly tarball no local data for is-binary-path@https://registry.npmjs.org/is-binary-path/-/is-binary-path-2.1.0.tgz. Extracting by manifest.
2162 silly tarball no local data for braces@https://registry.npmjs.org/braces/-/braces-3.0.3.tgz. Extracting by manifest.
2163 silly tarball no local data for anymatch@https://registry.npmjs.org/anymatch/-/anymatch-3.1.3.tgz. Extracting by manifest.
2164 silly tarball no local data for postcss-selector-parser@https://registry.npmjs.org/postcss-selector-parser/-/postcss-selector-parser-6.1.4.tgz. Extracting by manifest.
2165 silly tarball no local data for resolve@https://registry.npmjs.org/resolve/-/resolve-1.22.12.tgz. Extracting by manifest.
2166 silly tarball no local data for postcss-nested@https://registry.npmjs.org/postcss-nested/-/postcss-nested-6.2.0.tgz. Extracting by manifest.
2167 silly tarball no local data for sucrase@https://registry.npmjs.org/sucrase/-/sucrase-3.35.1.tgz. Extracting by manifest.
2168 silly tarball no local data for postcss-js@https://registry.npmjs.org/postcss-js/-/postcss-js-4.1.0.tgz. Extracting by manifest.
2169 silly tarball no local data for postcss-load-config@https://registry.npmjs.org/postcss-load-config/-/postcss-load-config-6.0.1.tgz. Extracting by manifest.
2170 silly tarball no local data for postcss-import@https://registry.npmjs.org/postcss-import/-/postcss-import-15.1.0.tgz. Extracting by manifest.
2171 silly tarball no local data for lilconfig@https://registry.npmjs.org/lilconfig/-/lilconfig-3.1.3.tgz. Extracting by manifest.
2172 silly tarball no local data for normalize-path@https://registry.npmjs.org/normalize-path/-/normalize-path-3.0.0.tgz. Extracting by manifest.
2173 silly tarball no local data for micromatch@https://registry.npmjs.org/micromatch/-/micromatch-4.0.8.tgz. Extracting by manifest.
2174 silly tarball no local data for object-hash@https://registry.npmjs.org/object-hash/-/object-hash-3.0.0.tgz. Extracting by manifest.
2175 silly tarball no local data for jiti@https://registry.npmjs.org/jiti/-/jiti-1.21.7.tgz. Extracting by manifest.
2176 silly tarball no local data for fast-glob@https://registry.npmjs.org/fast-glob/-/fast-glob-3.3.3.tgz. Extracting by manifest.
2177 silly tarball no local data for glob-parent@https://registry.npmjs.org/glob-parent/-/glob-parent-6.0.2.tgz. Extracting by manifest.
2178 silly tarball no local data for dlv@https://registry.npmjs.org/dlv/-/dlv-1.1.3.tgz. Extracting by manifest.
2179 silly tarball no local data for is-glob@https://registry.npmjs.org/is-glob/-/is-glob-4.0.3.tgz. Extracting by manifest.
2180 silly tarball no local data for arg@https://registry.npmjs.org/arg/-/arg-5.0.2.tgz. Extracting by manifest.
2181 silly tarball no local data for didyoumean@https://registry.npmjs.org/didyoumean/-/didyoumean-1.2.2.tgz. Extracting by manifest.
2182 silly tarball no local data for chokidar@https://registry.npmjs.org/chokidar/-/chokidar-3.6.0.tgz. Extracting by manifest.
2183 silly tarball no local data for @alloc/quick-lru@https://registry.npmjs.org/@alloc/quick-lru/-/quick-lru-5.2.0.tgz. Extracting by manifest.
2184 silly tarball no local data for @babel/runtime@https://registry.npmjs.org/@babel/runtime/-/runtime-7.29.7.tgz. Extracting by manifest.
2185 silly tarball no local data for client-only@https://registry.npmjs.org/client-only/-/client-only-0.0.1.tgz. Extracting by manifest.
2186 silly tarball no local data for dom-helpers@https://registry.npmjs.org/dom-helpers/-/dom-helpers-5.2.1.tgz. Extracting by manifest.
2187 silly tarball no local data for object-assign@https://registry.npmjs.org/object-assign/-/object-assign-4.1.1.tgz. Extracting by manifest.
2188 silly tarball no local data for prop-types@https://registry.npmjs.org/prop-types/-/prop-types-15.8.1.tgz. Extracting by manifest.
2189 silly tarball no local data for react-transition-group@https://registry.npmjs.org/react-transition-group/-/react-transition-group-4.4.5.tgz. Extracting by manifest.
2190 silly tarball no local data for decimal.js-light@https://registry.npmjs.org/decimal.js-light/-/decimal.js-light-2.5.1.tgz. Extracting by manifest.
2191 silly tarball no local data for fast-equals@https://registry.npmjs.org/fast-equals/-/fast-equals-5.4.1.tgz. Extracting by manifest.
2192 silly tarball no local data for tiny-invariant@https://registry.npmjs.org/tiny-invariant/-/tiny-invariant-1.3.3.tgz. Extracting by manifest.
2193 silly tarball no local data for victory-vendor@https://registry.npmjs.org/victory-vendor/-/victory-vendor-36.9.2.tgz. Extracting by manifest.
2194 silly tarball no local data for recharts-scale@https://registry.npmjs.org/recharts-scale/-/recharts-scale-0.4.5.tgz. Extracting by manifest.
2195 silly tarball no local data for react-smooth@https://registry.npmjs.org/react-smooth/-/react-smooth-4.0.4.tgz. Extracting by manifest.
2196 silly tarball no local data for react-is@https://registry.npmjs.org/react-is/-/react-is-18.3.1.tgz. Extracting by manifest.
2197 silly tarball no local data for eventemitter3@https://registry.npmjs.org/eventemitter3/-/eventemitter3-4.0.7.tgz. Extracting by manifest.
2198 silly tarball no local data for lodash@https://registry.npmjs.org/lodash/-/lodash-4.18.1.tgz. Extracting by manifest.
2199 silly tarball no local data for @react-leaflet/core@https://registry.npmjs.org/@react-leaflet/core/-/core-2.1.0.tgz. Extracting by manifest.
2200 silly tarball no local data for clsx@https://registry.npmjs.org/clsx/-/clsx-2.1.1.tgz. Extracting by manifest.
2201 silly tarball no local data for js-tokens@https://registry.npmjs.org/js-tokens/-/js-tokens-4.0.0.tgz. Extracting by manifest.
2202 silly tarball no local data for loose-envify@https://registry.npmjs.org/loose-envify/-/loose-envify-1.4.0.tgz. Extracting by manifest.
2203 silly tarball no local data for quickselect@https://registry.npmjs.org/quickselect/-/quickselect-2.0.0.tgz. Extracting by manifest.
2204 silly tarball no local data for scheduler@https://registry.npmjs.org/scheduler/-/scheduler-0.23.2.tgz. Extracting by manifest.
2205 silly tarball no local data for source-map-js@https://registry.npmjs.org/source-map-js/-/source-map-js-1.2.1.tgz. Extracting by manifest.
2206 silly tarball no local data for nanoid@https://registry.npmjs.org/nanoid/-/nanoid-3.3.18.tgz. Extracting by manifest.
2207 silly tarball no local data for streamsearch@https://registry.npmjs.org/streamsearch/-/streamsearch-1.1.0.tgz. Extracting by manifest.
2208 silly tarball no local data for splaytree-ts@https://registry.npmjs.org/splaytree-ts/-/splaytree-ts-1.0.2.tgz. Extracting by manifest.
2209 silly tarball no local data for bignumber.js@https://registry.npmjs.org/bignumber.js/-/bignumber.js-9.3.1.tgz. Extracting by manifest.
2210 silly tarball no local data for @swc/counter@https://registry.npmjs.org/@swc/counter/-/counter-0.1.3.tgz. Extracting by manifest.
2211 silly tarball no local data for styled-jsx@https://registry.npmjs.org/styled-jsx/-/styled-jsx-5.1.1.tgz. Extracting by manifest.
2212 silly tarball no local data for @swc/helpers@https://registry.npmjs.org/@swc/helpers/-/helpers-0.5.5.tgz. Extracting by manifest.
2213 silly tarball no local data for graceful-fs@https://registry.npmjs.org/graceful-fs/-/graceful-fs-4.2.11.tgz. Extracting by manifest.
2214 silly tarball no local data for busboy@https://registry.npmjs.org/busboy/-/busboy-1.6.0.tgz. Extracting by manifest.
2215 silly tarball no local data for @next/swc-win32-x64-msvc@https://registry.npmjs.org/@next/swc-win32-x64-msvc/-/swc-win32-x64-msvc-14.2.33.tgz. Extracting by manifest.
2216 silly tarball no local data for d3-array@https://registry.npmjs.org/d3-array/-/d3-array-2.12.1.tgz. Extracting by manifest.
2217 silly tarball no local data for internmap@https://registry.npmjs.org/internmap/-/internmap-1.0.1.tgz. Extracting by manifest.
2218 silly tarball no local data for point-in-polygon@https://registry.npmjs.org/point-in-polygon/-/point-in-polygon-1.1.0.tgz. Extracting by manifest.
2219 silly tarball no local data for @next/env@https://registry.npmjs.org/@next/env/-/env-14.2.35.tgz. Extracting by manifest.
2220 silly tarball no local data for electron-to-chromium@https://registry.npmjs.org/electron-to-chromium/-/electron-to-chromium-1.5.416.tgz. Extracting by manifest.
2221 silly tarball no local data for update-browserslist-db@https://registry.npmjs.org/update-browserslist-db/-/update-browserslist-db-1.3.2.tgz. Extracting by manifest.
2222 silly tarball no local data for baseline-browser-mapping@https://registry.npmjs.org/baseline-browser-mapping/-/baseline-browser-mapping-2.11.20.tgz. Extracting by manifest.
2223 silly tarball no local data for postcss-value-parser@https://registry.npmjs.org/postcss-value-parser/-/postcss-value-parser-4.2.0.tgz. Extracting by manifest.
2224 silly tarball no local data for picocolors@https://registry.npmjs.org/picocolors/-/picocolors-1.1.1.tgz. Extracting by manifest.
2225 silly tarball no local data for fraction.js@https://registry.npmjs.org/fraction.js/-/fraction.js-5.3.4.tgz. Extracting by manifest.
2226 silly tarball no local data for @types/prop-types@https://registry.npmjs.org/@types/prop-types/-/prop-types-15.7.15.tgz. Extracting by manifest.
2227 silly tarball no local data for browserslist@https://registry.npmjs.org/browserslist/-/browserslist-4.28.8.tgz. Extracting by manifest.
2228 silly tarball no local data for caniuse-lite@https://registry.npmjs.org/caniuse-lite/-/caniuse-lite-1.0.30001810.tgz. Extracting by manifest.
2229 silly tarball no local data for d3-voronoi@https://registry.npmjs.org/d3-voronoi/-/d3-voronoi-1.1.2.tgz. Extracting by manifest.
2230 silly tarball no local data for @types/d3-voronoi@https://registry.npmjs.org/@types/d3-voronoi/-/d3-voronoi-1.1.12.tgz. Extracting by manifest.
2231 silly tarball no local data for csstype@https://registry.npmjs.org/csstype/-/csstype-3.2.3.tgz. Extracting by manifest.
2232 silly tarball no local data for node-releases@https://registry.npmjs.org/node-releases/-/node-releases-2.0.54.tgz. Extracting by manifest.
2233 silly tarball no local data for undici-types@https://registry.npmjs.org/undici-types/-/undici-types-6.21.0.tgz. Extracting by manifest.
2234 silly tarball no local data for @types/earcut@https://registry.npmjs.org/@types/earcut/-/earcut-2.1.4.tgz. Extracting by manifest.
2235 silly tarball no local data for earcut@https://registry.npmjs.org/earcut/-/earcut-2.2.4.tgz. Extracting by manifest.
2236 silly tarball no local data for tinyqueue@https://registry.npmjs.org/tinyqueue/-/tinyqueue-2.0.3.tgz. Extracting by manifest.
2237 silly tarball no local data for fast-deep-equal@https://registry.npmjs.org/fast-deep-equal/-/fast-deep-equal-3.1.3.tgz. Extracting by manifest.
2238 silly tarball no local data for jsts@https://registry.npmjs.org/jsts/-/jsts-2.7.1.tgz. Extracting by manifest.
2239 silly tarball no local data for robust-predicates@https://registry.npmjs.org/robust-predicates/-/robust-predicates-2.0.4.tgz. Extracting by manifest.
2240 silly tarball no local data for arc@https://registry.npmjs.org/arc/-/arc-0.2.0.tgz. Extracting by manifest.
2241 silly tarball no local data for polyclip-ts@https://registry.npmjs.org/polyclip-ts/-/polyclip-ts-0.16.8.tgz. Extracting by manifest.
2242 silly tarball no local data for topojson-client@https://registry.npmjs.org/topojson-client/-/topojson-client-3.1.0.tgz. Extracting by manifest.
2243 silly tarball no local data for concaveman@https://registry.npmjs.org/concaveman/-/concaveman-1.2.1.tgz. Extracting by manifest.
2244 silly tarball no local data for topojson-server@https://registry.npmjs.org/topojson-server/-/topojson-server-3.0.1.tgz. Extracting by manifest.
2245 silly tarball no local data for skmeans@https://registry.npmjs.org/skmeans/-/skmeans-0.9.7.tgz. Extracting by manifest.
2246 silly tarball no local data for rbush@https://registry.npmjs.org/rbush/-/rbush-3.0.1.tgz. Extracting by manifest.
2247 silly tarball no local data for @turf/jsts@https://registry.npmjs.org/@turf/jsts/-/jsts-2.7.2.tgz. Extracting by manifest.
2248 silly tarball no local data for d3-geo@https://registry.npmjs.org/d3-geo/-/d3-geo-2.0.2.tgz. Extracting by manifest.
2249 silly tarball no local data for point-in-polygon-hao@https://registry.npmjs.org/point-in-polygon-hao/-/point-in-polygon-hao-1.2.4.tgz. Extracting by manifest.
2250 silly tarball no local data for geojson-polygon-self-intersections@https://registry.npmjs.org/geojson-polygon-self-intersections/-/geojson-polygon-self-intersections-1.2.2.tgz. Extracting by manifest.
2251 silly tarball no local data for geojson-equality-ts@https://registry.npmjs.org/geojson-equality-ts/-/geojson-equality-ts-1.0.2.tgz. Extracting by manifest.
2252 silly tarball no local data for tslib@https://registry.npmjs.org/tslib/-/tslib-2.8.1.tgz. Extracting by manifest.
2253 silly tarball no local data for @types/kdbush@https://registry.npmjs.org/@types/kdbush/-/kdbush-3.0.5.tgz. Extracting by manifest.
2254 silly tarball no local data for @types/geojson@https://registry.npmjs.org/@types/geojson/-/geojson-7946.0.16.tgz. Extracting by manifest.
2255 silly tarball no local data for @turf/union@https://registry.npmjs.org/@turf/union/-/union-7.4.0.tgz. Extracting by manifest.
2256 silly tarball no local data for @turf/unkink-polygon@https://registry.npmjs.org/@turf/unkink-polygon/-/unkink-polygon-7.4.0.tgz. Extracting by manifest.
2257 silly tarball no local data for @turf/voronoi@https://registry.npmjs.org/@turf/voronoi/-/voronoi-7.4.0.tgz. Extracting by manifest.
2258 silly tarball no local data for @turf/triangle-grid@https://registry.npmjs.org/@turf/triangle-grid/-/triangle-grid-7.4.0.tgz. Extracting by manifest.
2259 silly tarball no local data for @turf/truncate@https://registry.npmjs.org/@turf/truncate/-/truncate-7.4.0.tgz. Extracting by manifest.
2260 silly tarball no local data for @turf/transform-translate@https://registry.npmjs.org/@turf/transform-translate/-/transform-translate-7.4.0.tgz. Extracting by manifest.
2261 silly tarball no local data for @turf/transform-rotate@https://registry.npmjs.org/@turf/transform-rotate/-/transform-rotate-7.4.0.tgz. Extracting by manifest.
2262 silly tarball no local data for @turf/tesselate@https://registry.npmjs.org/@turf/tesselate/-/tesselate-7.4.0.tgz. Extracting by manifest.
2263 silly tarball no local data for @turf/tin@https://registry.npmjs.org/@turf/tin/-/tin-7.4.0.tgz. Extracting by manifest.
2264 silly tarball no local data for @turf/standard-deviational-ellipse@https://registry.npmjs.org/@turf/standard-deviational-ellipse/-/standard-deviational-ellipse-7.4.0.tgz. Extracting by manifest.
2265 silly tarball no local data for @turf/tag@https://registry.npmjs.org/@turf/tag/-/tag-7.4.0.tgz. Extracting by manifest.
2266 silly tarball no local data for @turf/transform-scale@https://registry.npmjs.org/@turf/transform-scale/-/transform-scale-7.4.0.tgz. Extracting by manifest.
2267 silly tarball no local data for @turf/square-grid@https://registry.npmjs.org/@turf/square-grid/-/square-grid-7.4.0.tgz. Extracting by manifest.
2268 silly tarball no local data for @turf/square@https://registry.npmjs.org/@turf/square/-/square-7.4.0.tgz. Extracting by manifest.
2269 silly tarball no local data for @turf/simplify@https://registry.npmjs.org/@turf/simplify/-/simplify-7.4.0.tgz. Extracting by manifest.
2270 silly tarball no local data for @turf/sample@https://registry.npmjs.org/@turf/sample/-/sample-7.4.0.tgz. Extracting by manifest.
2271 silly tarball no local data for @turf/shortest-path@https://registry.npmjs.org/@turf/shortest-path/-/shortest-path-7.4.0.tgz. Extracting by manifest.
2272 silly tarball no local data for @turf/rhumb-distance@https://registry.npmjs.org/@turf/rhumb-distance/-/rhumb-distance-7.4.0.tgz. Extracting by manifest.
2273 silly tarball no local data for @turf/rhumb-destination@https://registry.npmjs.org/@turf/rhumb-destination/-/rhumb-destination-7.4.0.tgz. Extracting by manifest.
2274 silly tarball no local data for @turf/rewind@https://registry.npmjs.org/@turf/rewind/-/rewind-7.4.0.tgz. Extracting by manifest.
2275 silly tarball no local data for @turf/rectangle-grid@https://registry.npmjs.org/@turf/rectangle-grid/-/rectangle-grid-7.4.0.tgz. Extracting by manifest.
2276 silly tarball no local data for @turf/sector@https://registry.npmjs.org/@turf/sector/-/sector-7.4.0.tgz. Extracting by manifest.
2277 silly tarball no local data for @turf/rhumb-bearing@https://registry.npmjs.org/@turf/rhumb-bearing/-/rhumb-bearing-7.4.0.tgz. Extracting by manifest.
2278 silly tarball no local data for @turf/random@https://registry.npmjs.org/@turf/random/-/random-7.4.0.tgz. Extracting by manifest.
2279 silly tarball no local data for @turf/quadrat-analysis@https://registry.npmjs.org/@turf/quadrat-analysis/-/quadrat-analysis-7.4.0.tgz. Extracting by manifest.
2280 silly tarball no local data for @turf/polygon-to-line@https://registry.npmjs.org/@turf/polygon-to-line/-/polygon-to-line-7.4.0.tgz. Extracting by manifest.
2281 silly tarball no local data for @turf/polygon-tangents@https://registry.npmjs.org/@turf/polygon-tangents/-/polygon-tangents-7.4.0.tgz. Extracting by manifest.
2282 silly tarball no local data for @turf/projection@https://registry.npmjs.org/@turf/projection/-/projection-7.4.0.tgz. Extracting by manifest.
2283 silly tarball no local data for @turf/polygonize@https://registry.npmjs.org/@turf/polygonize/-/polygonize-7.4.0.tgz. Extracting by manifest.
2284 silly tarball no local data for @turf/points-within-polygon@https://registry.npmjs.org/@turf/points-within-polygon/-/points-within-polygon-7.4.0.tgz. Extracting by manifest.
2285 silly tarball no local data for @turf/polygon-smooth@https://registry.npmjs.org/@turf/polygon-smooth/-/polygon-smooth-7.4.0.tgz. Extracting by manifest.
2286 silly tarball no local data for @turf/point-to-polygon-distance@https://registry.npmjs.org/@turf/point-to-polygon-distance/-/point-to-polygon-distance-7.4.0.tgz. Extracting by manifest.
2287 silly tarball no local data for @turf/point-on-feature@https://registry.npmjs.org/@turf/point-on-feature/-/point-on-feature-7.4.0.tgz. Extracting by manifest.
2288 silly tarball no local data for @turf/point-to-line-distance@https://registry.npmjs.org/@turf/point-to-line-distance/-/point-to-line-distance-7.4.0.tgz. Extracting by manifest.
2289 silly tarball no local data for @turf/point-grid@https://registry.npmjs.org/@turf/point-grid/-/point-grid-7.4.0.tgz. Extracting by manifest.
2290 silly tarball no local data for @turf/nearest-point-to-line@https://registry.npmjs.org/@turf/nearest-point-to-line/-/nearest-point-to-line-7.4.0.tgz. Extracting by manifest.
2291 silly tarball no local data for @turf/planepoint@https://registry.npmjs.org/@turf/planepoint/-/planepoint-7.4.0.tgz. Extracting by manifest.
2292 silly tarball no local data for @turf/nearest-point@https://registry.npmjs.org/@turf/nearest-point/-/nearest-point-7.4.0.tgz. Extracting by manifest.
2293 silly tarball no local data for @turf/nearest-point-on-line@https://registry.npmjs.org/@turf/nearest-point-on-line/-/nearest-point-on-line-7.4.0.tgz. Extracting by manifest.
2294 silly tarball no local data for @turf/nearest-neighbor-analysis@https://registry.npmjs.org/@turf/nearest-neighbor-analysis/-/nearest-neighbor-analysis-7.4.0.tgz. Extracting by manifest.
2295 silly tarball no local data for @turf/mask@https://registry.npmjs.org/@turf/mask/-/mask-7.4.0.tgz. Extracting by manifest.
2296 silly tarball no local data for @turf/midpoint@https://registry.npmjs.org/@turf/midpoint/-/midpoint-7.4.0.tgz. Extracting by manifest.
2297 silly tarball no local data for @turf/moran-index@https://registry.npmjs.org/@turf/moran-index/-/moran-index-7.4.0.tgz. Extracting by manifest.
2298 silly tarball no local data for @turf/meta@https://registry.npmjs.org/@turf/meta/-/meta-7.4.0.tgz. Extracting by manifest.
2299 silly tarball no local data for @turf/line-to-polygon@https://registry.npmjs.org/@turf/line-to-polygon/-/line-to-polygon-7.4.0.tgz. Extracting by manifest.
2300 silly tarball no local data for @turf/line-split@https://registry.npmjs.org/@turf/line-split/-/line-split-7.4.0.tgz. Extracting by manifest.
2301 silly tarball no local data for @turf/line-overlap@https://registry.npmjs.org/@turf/line-overlap/-/line-overlap-7.4.0.tgz. Extracting by manifest.
2302 silly tarball no local data for @turf/line-slice-along@https://registry.npmjs.org/@turf/line-slice-along/-/line-slice-along-7.4.0.tgz. Extracting by manifest.
2303 silly tarball no local data for @turf/line-segment@https://registry.npmjs.org/@turf/line-segment/-/line-segment-7.4.0.tgz. Extracting by manifest.
2304 silly tarball no local data for @turf/line-slice@https://registry.npmjs.org/@turf/line-slice/-/line-slice-7.4.0.tgz. Extracting by manifest.
2305 silly tarball no local data for @turf/line-offset@https://registry.npmjs.org/@turf/line-offset/-/line-offset-7.4.0.tgz. Extracting by manifest.
2306 silly tarball no local data for @turf/line-chunk@https://registry.npmjs.org/@turf/line-chunk/-/line-chunk-7.4.0.tgz. Extracting by manifest.
2307 silly tarball no local data for @turf/line-intersect@https://registry.npmjs.org/@turf/line-intersect/-/line-intersect-7.4.0.tgz. Extracting by manifest.
2308 silly tarball no local data for @turf/kinks@https://registry.npmjs.org/@turf/kinks/-/kinks-7.4.0.tgz. Extracting by manifest.
2309 silly tarball no local data for @turf/line-arc@https://registry.npmjs.org/@turf/line-arc/-/line-arc-7.4.0.tgz. Extracting by manifest.
2310 silly tarball no local data for @turf/length@https://registry.npmjs.org/@turf/length/-/length-7.4.0.tgz. Extracting by manifest.
2311 silly tarball no local data for @turf/isobands@https://registry.npmjs.org/@turf/isobands/-/isobands-7.4.0.tgz. Extracting by manifest.
2312 silly tarball no local data for @turf/isolines@https://registry.npmjs.org/@turf/isolines/-/isolines-7.4.0.tgz. Extracting by manifest.
2313 silly tarball no local data for @turf/intersect@https://registry.npmjs.org/@turf/intersect/-/intersect-7.4.0.tgz. Extracting by manifest.
2314 silly tarball no local data for @turf/interpolate@https://registry.npmjs.org/@turf/interpolate/-/interpolate-7.4.0.tgz. Extracting by manifest.
2315 silly tarball no local data for @turf/invariant@https://registry.npmjs.org/@turf/invariant/-/invariant-7.4.0.tgz. Extracting by manifest.
2316 silly tarball no local data for @turf/helpers@https://registry.npmjs.org/@turf/helpers/-/helpers-7.4.0.tgz. Extracting by manifest.
2317 silly tarball no local data for @turf/great-circle@https://registry.npmjs.org/@turf/great-circle/-/great-circle-7.4.0.tgz. Extracting by manifest.
2318 silly tarball no local data for @turf/hex-grid@https://registry.npmjs.org/@turf/hex-grid/-/hex-grid-7.4.0.tgz. Extracting by manifest.
2319 silly tarball no local data for @turf/flip@https://registry.npmjs.org/@turf/flip/-/flip-7.4.0.tgz. Extracting by manifest.
2320 silly tarball no local data for @turf/explode@https://registry.npmjs.org/@turf/explode/-/explode-7.4.0.tgz. Extracting by manifest.
2321 silly tarball no local data for @turf/geojson-rbush@https://registry.npmjs.org/@turf/geojson-rbush/-/geojson-rbush-7.4.0.tgz. Extracting by manifest.
2322 silly tarball no local data for @turf/flatten@https://registry.npmjs.org/@turf/flatten/-/flatten-7.4.0.tgz. Extracting by manifest.
2323 silly tarball no local data for @turf/distance@https://registry.npmjs.org/@turf/distance/-/distance-7.4.0.tgz. Extracting by manifest.
2324 silly tarball no local data for @turf/distance-weight@https://registry.npmjs.org/@turf/distance-weight/-/distance-weight-7.4.0.tgz. Extracting by manifest.
2325 silly tarball no local data for @turf/dissolve@https://registry.npmjs.org/@turf/dissolve/-/dissolve-7.4.0.tgz. Extracting by manifest.
2326 silly tarball no local data for @turf/ellipse@https://registry.npmjs.org/@turf/ellipse/-/ellipse-7.4.0.tgz. Extracting by manifest.
2327 silly tarball no local data for @turf/difference@https://registry.npmjs.org/@turf/difference/-/difference-7.4.0.tgz. Extracting by manifest.
2328 silly tarball no local data for @turf/directional-mean@https://registry.npmjs.org/@turf/directional-mean/-/directional-mean-7.4.0.tgz. Extracting by manifest.
2329 silly tarball no local data for @turf/destination@https://registry.npmjs.org/@turf/destination/-/destination-7.4.0.tgz. Extracting by manifest.
2330 silly tarball no local data for @turf/envelope@https://registry.npmjs.org/@turf/envelope/-/envelope-7.4.0.tgz. Extracting by manifest.
2331 silly tarball no local data for @turf/concave@https://registry.npmjs.org/@turf/concave/-/concave-7.4.0.tgz. Extracting by manifest.
2332 silly tarball no local data for @turf/convex@https://registry.npmjs.org/@turf/convex/-/convex-7.4.0.tgz. Extracting by manifest.
2333 silly tarball no local data for @turf/combine@https://registry.npmjs.org/@turf/combine/-/combine-7.4.0.tgz. Extracting by manifest.
2334 silly tarball no local data for @turf/clusters-kmeans@https://registry.npmjs.org/@turf/clusters-kmeans/-/clusters-kmeans-7.4.0.tgz. Extracting by manifest.
2335 silly tarball no local data for @turf/clusters@https://registry.npmjs.org/@turf/clusters/-/clusters-7.4.0.tgz. Extracting by manifest.
2336 silly tarball no local data for @turf/clean-coords@https://registry.npmjs.org/@turf/clean-coords/-/clean-coords-7.4.0.tgz. Extracting by manifest.
2337 silly tarball no local data for @turf/collect@https://registry.npmjs.org/@turf/collect/-/collect-7.4.0.tgz. Extracting by manifest.
2338 silly tarball no local data for @turf/circle@https://registry.npmjs.org/@turf/circle/-/circle-7.4.0.tgz. Extracting by manifest.
2339 silly tarball no local data for @turf/clone@https://registry.npmjs.org/@turf/clone/-/clone-7.4.0.tgz. Extracting by manifest.
2340 silly tarball no local data for @turf/centroid@https://registry.npmjs.org/@turf/centroid/-/centroid-7.4.0.tgz. Extracting by manifest.
2341 silly tarball no local data for @turf/clusters-dbscan@https://registry.npmjs.org/@turf/clusters-dbscan/-/clusters-dbscan-7.4.0.tgz. Extracting by manifest.
2342 silly tarball no local data for @turf/center-mean@https://registry.npmjs.org/@turf/center-mean/-/center-mean-7.4.0.tgz. Extracting by manifest.
2343 silly tarball no local data for @turf/center-of-mass@https://registry.npmjs.org/@turf/center-of-mass/-/center-of-mass-7.4.0.tgz. Extracting by manifest.
2344 silly tarball no local data for @turf/center-median@https://registry.npmjs.org/@turf/center-median/-/center-median-7.4.0.tgz. Extracting by manifest.
2345 silly tarball no local data for @turf/buffer@https://registry.npmjs.org/@turf/buffer/-/buffer-7.4.0.tgz. Extracting by manifest.
2346 silly tarball no local data for @turf/center@https://registry.npmjs.org/@turf/center/-/center-7.4.0.tgz. Extracting by manifest.
2347 silly tarball no local data for @turf/boolean-valid@https://registry.npmjs.org/@turf/boolean-valid/-/boolean-valid-7.4.0.tgz. Extracting by manifest.
2348 silly tarball no local data for @turf/boolean-within@https://registry.npmjs.org/@turf/boolean-within/-/boolean-within-7.4.0.tgz. Extracting by manifest.
2349 silly tarball no local data for @turf/boolean-touches@https://registry.npmjs.org/@turf/boolean-touches/-/boolean-touches-7.4.0.tgz. Extracting by manifest.
2350 silly tarball no local data for @turf/boolean-point-in-polygon@https://registry.npmjs.org/@turf/boolean-point-in-polygon/-/boolean-point-in-polygon-7.4.0.tgz. Extracting by manifest.
2351 silly tarball no local data for @turf/boolean-point-on-line@https://registry.npmjs.org/@turf/boolean-point-on-line/-/boolean-point-on-line-7.4.0.tgz. Extracting by manifest.
2352 silly tarball no local data for @turf/boolean-intersects@https://registry.npmjs.org/@turf/boolean-intersects/-/boolean-intersects-7.4.0.tgz. Extracting by manifest.
2353 silly tarball no local data for @turf/boolean-parallel@https://registry.npmjs.org/@turf/boolean-parallel/-/boolean-parallel-7.4.0.tgz. Extracting by manifest.
2354 silly tarball no local data for @turf/boolean-overlap@https://registry.npmjs.org/@turf/boolean-overlap/-/boolean-overlap-7.4.0.tgz. Extracting by manifest.
2355 silly tarball no local data for @turf/boolean-equal@https://registry.npmjs.org/@turf/boolean-equal/-/boolean-equal-7.4.0.tgz. Extracting by manifest.
2356 silly tarball no local data for @turf/boolean-crosses@https://registry.npmjs.org/@turf/boolean-crosses/-/boolean-crosses-7.4.0.tgz. Extracting by manifest.
2357 silly tarball no local data for @turf/boolean-disjoint@https://registry.npmjs.org/@turf/boolean-disjoint/-/boolean-disjoint-7.4.0.tgz. Extracting by manifest.
2358 silly tarball no local data for @turf/boolean-contains@https://registry.npmjs.org/@turf/boolean-contains/-/boolean-contains-7.4.0.tgz. Extracting by manifest.
2359 silly tarball no local data for @turf/boolean-concave@https://registry.npmjs.org/@turf/boolean-concave/-/boolean-concave-7.4.0.tgz. Extracting by manifest.
2360 silly tarball no local data for @turf/boolean-clockwise@https://registry.npmjs.org/@turf/boolean-clockwise/-/boolean-clockwise-7.4.0.tgz. Extracting by manifest.
2361 silly tarball no local data for @turf/bezier-spline@https://registry.npmjs.org/@turf/bezier-spline/-/bezier-spline-7.4.0.tgz. Extracting by manifest.
2362 silly tarball no local data for @turf/bearing@https://registry.npmjs.org/@turf/bearing/-/bearing-7.4.0.tgz. Extracting by manifest.
2363 silly tarball no local data for @turf/bbox-clip@https://registry.npmjs.org/@turf/bbox-clip/-/bbox-clip-7.4.0.tgz. Extracting by manifest.
2364 silly tarball no local data for @turf/bbox@https://registry.npmjs.org/@turf/bbox/-/bbox-7.4.0.tgz. Extracting by manifest.
2365 silly tarball no local data for @turf/bbox-polygon@https://registry.npmjs.org/@turf/bbox-polygon/-/bbox-polygon-7.4.0.tgz. Extracting by manifest.
2366 silly tarball no local data for @turf/area@https://registry.npmjs.org/@turf/area/-/area-7.4.0.tgz. Extracting by manifest.
2367 silly tarball no local data for typescript@https://registry.npmjs.org/typescript/-/typescript-5.9.3.tgz. Extracting by manifest.
2368 silly tarball no local data for @turf/angle@https://registry.npmjs.org/@turf/angle/-/angle-7.4.0.tgz. Extracting by manifest.
2369 silly tarball no local data for @turf/along@https://registry.npmjs.org/@turf/along/-/along-7.4.0.tgz. Extracting by manifest.
2370 silly tarball no local data for tailwindcss@https://registry.npmjs.org/tailwindcss/-/tailwindcss-3.4.19.tgz. Extracting by manifest.
2371 silly tarball no local data for tsx@https://registry.npmjs.org/tsx/-/tsx-4.23.13.tgz. Extracting by manifest.
2372 silly tarball no local data for react-leaflet@https://registry.npmjs.org/react-leaflet/-/react-leaflet-4.2.1.tgz. Extracting by manifest.
2373 silly tarball no local data for react-dom@https://registry.npmjs.org/react-dom/-/react-dom-18.3.1.tgz. Extracting by manifest.
2374 silly tarball no local data for react@https://registry.npmjs.org/react/-/react-18.3.1.tgz. Extracting by manifest.
2375 silly tarball no local data for recharts@https://registry.npmjs.org/recharts/-/recharts-2.15.4.tgz. Extracting by manifest.
2376 silly tarball no local data for next@https://registry.npmjs.org/next/-/next-14.2.35.tgz. Extracting by manifest.
2377 silly tarball no local data for leaflet@https://registry.npmjs.org/leaflet/-/leaflet-1.9.4.tgz. Extracting by manifest.
2378 silly tarball no local data for autoprefixer@https://registry.npmjs.org/autoprefixer/-/autoprefixer-10.5.4.tgz. Extracting by manifest.
2379 silly tarball no local data for postcss@https://registry.npmjs.org/postcss/-/postcss-8.5.26.tgz. Extracting by manifest.
2380 silly tarball no local data for @types/react-dom@https://registry.npmjs.org/@types/react-dom/-/react-dom-18.3.7.tgz. Extracting by manifest.
2381 silly tarball no local data for @types/react@https://registry.npmjs.org/@types/react/-/react-18.3.31.tgz. Extracting by manifest.
2382 silly tarball no local data for @types/node@https://registry.npmjs.org/@types/node/-/node-20.19.43.tgz. Extracting by manifest.
2383 silly tarball no local data for @turf/turf@https://registry.npmjs.org/@turf/turf/-/turf-7.4.0.tgz. Extracting by manifest.
2384 silly tarball no local data for @types/leaflet@https://registry.npmjs.org/@types/leaflet/-/leaflet-1.9.22.tgz. Extracting by manifest.
2385 silly tarball no local data for glob-parent@https://registry.npmjs.org/glob-parent/-/glob-parent-5.1.2.tgz. Extracting by manifest.
2386 silly tarball no local data for picomatch@https://registry.npmjs.org/picomatch/-/picomatch-4.0.7.tgz. Extracting by manifest.
2387 silly tarball no local data for fdir@https://registry.npmjs.org/fdir/-/fdir-6.5.0.tgz. Extracting by manifest.
2388 silly tarball no local data for commander@https://registry.npmjs.org/commander/-/commander-2.20.3.tgz. Extracting by manifest.
2389 silly tarball no local data for d3-array@https://registry.npmjs.org/d3-array/-/d3-array-3.2.4.tgz. Extracting by manifest.
2390 silly tarball no local data for react-is@https://registry.npmjs.org/react-is/-/react-is-16.13.1.tgz. Extracting by manifest.
2391 silly tarball no local data for glob-parent@https://registry.npmjs.org/glob-parent/-/glob-parent-5.1.2.tgz. Extracting by manifest.
2392 silly tarball no local data for commander@https://registry.npmjs.org/commander/-/commander-2.20.3.tgz. Extracting by manifest.
2393 silly tarball no local data for quickselect@https://registry.npmjs.org/quickselect/-/quickselect-1.1.1.tgz. Extracting by manifest.
2394 silly tarball no local data for robust-predicates@https://registry.npmjs.org/robust-predicates/-/robust-predicates-3.0.3.tgz. Extracting by manifest.
2395 silly tarball no local data for postcss@https://registry.npmjs.org/postcss/-/postcss-8.4.31.tgz. Extracting by manifest.
2396 silly tarball no local data for rbush@https://registry.npmjs.org/rbush/-/rbush-2.0.2.tgz. Extracting by manifest.
2397 http fetch POST 200 https://registry.npmjs.org/-/npm/v1/security/advisories/bulk 412ms
2398 silly audit report {
2398 silly audit report   postcss: [
2398 silly audit report     {
2398 silly audit report       id: 1130709,
2398 silly audit report       url: 'https://github.com/advisories/GHSA-fxqj-rqcc-2cmp',
2398 silly audit report       title: 'PostCSS: incomplete fix of GHSA-6g55-p6wh-862q — attacker-controlled sourceMappingURL reads arbitrary .map files when `from` is unset',
2398 silly audit report       severity: 'moderate',
2398 silly audit report       vulnerable_versions: '<=8.5.22',
2398 silly audit report       cwe: [Array],
2398 silly audit report       cvss: [Object]
2398 silly audit report     },
2398 silly audit report     {
2398 silly audit report       id: 1117015,
2398 silly audit report       url: 'https://github.com/advisories/GHSA-qx2v-qp2m-jg93',
2398 silly audit report       title: 'PostCSS has XSS via Unescaped </style> in its CSS Stringify Output',
2398 silly audit report       severity: 'moderate',
2398 silly audit report       vulnerable_versions: '<8.5.10',
2398 silly audit report       cwe: [Array],
2398 silly audit report       cvss: [Object]
2398 silly audit report     },
2398 silly audit report     {
2398 silly audit report       id: 1124252,
2398 silly audit report       url: 'https://github.com/advisories/GHSA-6g55-p6wh-862q',
2398 silly audit report       title: 'PostCSS: Arbitrary file read and information disclosure via attacker-controlled sourceMappingURL in CSS comments',
2398 silly audit report       severity: 'high',
2398 silly audit report       vulnerable_versions: '<=8.5.11',
2398 silly audit report       cwe: [Array],
2398 silly audit report       cvss: [Object]
2398 silly audit report     },
2398 silly audit report     {
2398 silly audit report       id: 1139510,
2398 silly audit report       url: 'https://github.com/advisories/GHSA-r28c-9q8g-f849',
2398 silly audit report       title: 'PostCSS: Path Traversal in Previous Source Map Auto-Loading (sourceMappingURL) leads to Arbitrary .map File Disclosure',
2398 silly audit report       severity: 'high',
2398 silly audit report       vulnerable_versions: '<=8.5.17',
2398 silly audit report       cwe: [Array],
2398 silly audit report       cvss: [Object]
2398 silly audit report     }
2398 silly audit report   ],
2398 silly audit report   next: [
2398 silly audit report     {
2398 silly audit report       id: 1117931,
2398 silly audit report       url: 'https://github.com/advisories/GHSA-8h8q-6873-q5fj',
2398 silly audit report       title: 'Next.js Vulnerable to Denial of Service with Server Components',
2398 silly audit report       severity: 'high',
2398 silly audit report       vulnerable_versions: '>=13.0.0 <15.5.16',
2398 silly audit report       cwe: [Array],
2398 silly audit report       cvss: [Object]
2398 silly audit report     },
2398 silly audit report     {
2398 silly audit report       id: 1118942,
2398 silly audit report       url: 'https://github.com/advisories/GHSA-3g8h-86w9-wvmq',
2398 silly audit report       title: "Next.js's Middleware / Proxy redirects can be cache-poisoned",
2398 silly audit report       severity: 'low',
2398 silly audit report       vulnerable_versions: '>=12.2.0 <15.5.16',
2398 silly audit report       cwe: [Array],
2398 silly audit report       cvss: [Object]
2398 silly audit report     },
2398 silly audit report     {
2398 silly audit report       id: 1118944,
2398 silly audit report       url: 'https://github.com/advisories/GHSA-ffhc-5mcf-pf4q',
2398 silly audit report       title: 'Next.js vulnerable to cross-site scripting in App Router applications using CSP nonces',
2398 silly audit report       severity: 'moderate',
2398 silly audit report       vulnerable_versions: '>=13.4.0 <15.5.16',
2398 silly audit report       cwe: [Array],
2398 silly audit report       cvss: [Object]
2398 silly audit report     },
2398 silly audit report     {
2398 silly audit report       id: 1118946,
2398 silly audit report       url: 'https://github.com/advisories/GHSA-vfv6-92ff-j949',
2398 silly audit report       title: 'Next.js vulnerable to cache poisoning via collisions in React Server Component cache-busting',
2398 silly audit report       severity: 'low',
2398 silly audit report       vulnerable_versions: '>=13.4.6 <15.5.16',
2398 silly audit report       cwe: [Array],
2398 silly audit report       cvss: [Object]
2398 silly audit report     },
2398 silly audit report     {
2398 silly audit report       id: 1118948,
2398 silly audit report       url: 'https://github.com/advisories/GHSA-gx5p-jg67-6x7h',
2398 silly audit report       title: 'Next.js has cross-site scripting in beforeInteractive scripts with untrusted input',
2398 silly audit report       severity: 'moderate',
2398 silly audit report       vulnerable_versions: '>=13.0.0 <15.5.16',
2398 silly audit report       cwe: [Array],
2398 silly audit report       cvss: [Object]
2398 silly audit report     },
2398 silly audit report     {
2398 silly audit report       id: 1118952,
2398 silly audit report       url: 'https://github.com/advisories/GHSA-h64f-5h5j-jqjh',
2398 silly audit report       title: 'Next.js has a Denial of Service in the Image Optimization API',
2398 silly audit report       severity: 'moderate',
2398 silly audit report       vulnerable_versions: '>=10.0.0 <15.5.16',
2398 silly audit report       cwe: [Array],
2398 silly audit report       cvss: [Object]
2398 silly audit report     },
2398 silly audit report     {
2398 silly audit report       id: 1118954,
2398 silly audit report       url: 'https://github.com/advisories/GHSA-c4j6-fc7j-m34r',
2398 silly audit report       title: 'Next.js vulnerable to server-side request forgery in applications using WebSocket upgrades',
2398 silly audit report       severity: 'high',
2398 silly audit report       vulnerable_versions: '>=13.4.13 <15.5.16',
2398 silly audit report       cwe: [Array],
2398 silly audit report       cvss: [Object]
2398 silly audit report     },
2398 silly audit report     {
2398 silly audit report       id: 1118958,
2398 silly audit report       url: 'https://github.com/advisories/GHSA-wfc6-r584-vfw7',
2398 silly audit report       title: 'Next.js vulnerable to cache poisoning in React Server Component responses',
2398 silly audit report       severity: 'moderate',
2398 silly audit report       vulnerable_versions: '>=14.2.0 <15.5.16',
2398 silly audit report       cwe: [Array],
2398 silly audit report       cvss: [Object]
2398 silly audit report     },
2398 silly audit report     {
2398 silly audit report       id: 1118962,
2398 silly audit report       url: 'https://github.com/advisories/GHSA-36qx-fr4f-26g5',
2398 silly audit report       title: 'Next.js has a Middleware / Proxy bypass in Pages Router applications using i18n',
2398 silly audit report       severity: 'high',
2398 silly audit report       vulnerable_versions: '>=12.2.0 <15.5.16',
2398 silly audit report       cwe: [Array],
2398 silly audit report       cvss: [Object]
2398 silly audit report     },
2398 silly audit report     {
2398 silly audit report       id: 1112593,
2398 silly audit report       url: 'https://github.com/advisories/GHSA-9g9p-9gw9-jx7f',
2398 silly audit report       title: 'Next.js self-hosted applications vulnerable to DoS via Image Optimizer remotePatterns configuration',
2398 silly audit report       severity: 'moderate',
2398 silly audit report       vulnerable_versions: '>=10.0.0 <15.5.10',
2398 silly audit report       cwe: [Array],
2398 silly audit report       cvss: [Object]
2398 silly audit report     },
2398 silly audit report     {
2398 silly audit report       id: 1112653,
2398 silly audit report       url: 'https://github.com/advisories/GHSA-h25m-26qc-wcjf',
2398 silly audit report       title: 'Next.js HTTP request deserialization can lead to DoS when using insecure React Server Components',
2398 silly audit report       severity: 'high',
2398 silly audit report       vulnerable_versions: '>=13.0.0 <15.0.8',
2398 silly audit report       cwe: [Array],
2398 silly audit report       cvss: [Object]
2398 silly audit report     },
2398 silly audit report     {
2398 silly audit report       id: 1114897,
2398 silly audit report       url: 'https://github.com/advisories/GHSA-ggv3-7p47-pfv8',
2398 silly audit report       title: 'Next.js: HTTP request smuggling in rewrites',
2398 silly audit report       severity: 'moderate',
2398 silly audit report       vulnerable_versions: '>=9.5.0 <15.5.13',
2398 silly audit report       cwe: [Array],
2398 silly audit report       cvss: [Object]
2398 silly audit report     },
2398 silly audit report     {
2398 silly audit report       id: 1114940,
2398 silly audit report       url: 'https://github.com/advisories/GHSA-3x4c-7xq6-9pq8',
2398 silly audit report       title: 'Next.js: Unbounded next/image disk cache growth can exhaust storage',
2398 silly audit report       severity: 'moderate',
2398 silly audit report       vulnerable_versions: '>=10.0.0 <15.5.14',
2398 silly audit report       cwe: [Array],
2398 silly audit report       cvss: [Object]
2398 silly audit report     },
2398 silly audit report     {
2398 silly audit report       id: 1116376,
2398 silly audit report       url: 'https://github.com/advisories/GHSA-q4gf-8mx6-v5v3',
2398 silly audit report       title: 'Next.js has a Denial of Service with Server Components',
2398 silly audit report       severity: 'high',
2398 silly audit report       vulnerable_versions: '>=13.0.0 <15.5.15',
2398 silly audit report       cwe: [Array],
2398 silly audit report       cvss: [Object]
2398 silly audit report     },
2398 silly audit report     {
2398 silly audit report       id: 1124185,
2398 silly audit report       url: 'https://github.com/advisories/GHSA-89xv-2m56-2m9x',
2398 silly audit report       title: 'Next.js: Server-Side Request Forgery in Server Actions on custom servers',
2398 silly audit report       severity: 'high',
2398 silly audit report       vulnerable_versions: '>=14.1.1 <15.5.21',
2398 silly audit report       cwe: [Array],
2398 silly audit report       cvss: [Object]
2398 silly audit report     },
2398 silly audit report     {
2398 silly audit report       id: 1124172,
2398 silly audit report       url: 'https://github.com/advisories/GHSA-m99w-x7hq-7vfj',
2398 silly audit report       title: 'Next.js: Denial of Service in App Router using Server Actions',
2398 silly audit report       severity: 'high',
2398 silly audit report       vulnerable_versions: '>=13.0.0 <15.5.21',
2398 silly audit report       cwe: [Array],
2398 silly audit report       cvss: [Object]
2398 silly audit report     },
2398 silly audit report     {
2398 silly audit report       id: 1124187,
2398 silly audit report       url: 'https://github.com/advisories/GHSA-68g3-v927-f742',
2398 silly audit report       title: 'Next.js: Cache confusion of response bodies for requests with bodies',
2398 silly audit report       severity: 'moderate',
2398 silly audit report       vulnerable_versions: '>=13.0.0 <15.5.21',
2398 silly audit report       cwe: [Array],
2398 silly audit report       cvss: [Object]
2398 silly audit report     },
2398 silly audit report     {
2398 silly audit report       id: 1124189,
2398 silly audit report       url: 'https://github.com/advisories/GHSA-4633-3j49-mh5q',
2398 silly audit report       title: 'Next.js: Cache confusion of response bodies for requests with bodies containing invalid UTF-8 byte sequences',
2398 silly audit report       severity: 'moderate',
2398 silly audit report       vulnerable_versions: '>=13.0.0 <15.5.21',
2398 silly audit report       cwe: [Array],
2398 silly audit report       cvss: [Object]
2398 silly audit report     },
2398 silly audit report     {
2398 silly audit report       id: 1124191,
2398 silly audit report       url: 'https://github.com/advisories/GHSA-4c39-4ccg-62r3',
2398 silly audit report       title: 'Next.js: Unbounded Server Action payload in Edge runtime',
2398 silly audit report       severity: 'moderate',
2398 silly audit report       vulnerable_versions: '>=13.0.0 <15.5.21',
2398 silly audit report       cwe: [Array],
2398 silly audit report       cvss: [Object]
2398 silly audit report     },
2398 silly audit report     {
2398 silly audit report       id: 1124193,
2398 silly audit report       url: 'https://github.com/advisories/GHSA-p9j2-gv94-2wf4',
2398 silly audit report       title: 'Next.js: Server-Side Request Forgery in rewrites via attacker-controlled destination hostname',
2398 silly audit report       severity: 'high',
2398 silly audit report       vulnerable_versions: '>=12.0.0 <15.5.21',
2398 silly audit report       cwe: [Array],
2398 silly audit report       cvss: [Object]
2398 silly audit report     },
2398 silly audit report     {
2398 silly audit report       id: 1124197,
2398 silly audit report       url: 'https://github.com/advisories/GHSA-955p-x3mx-jcvp',
2398 silly audit report       title: 'Next.js: Unauthenticated disclosure of internal Server Function endpoints',
2398 silly audit report       severity: 'moderate',
2398 silly audit report       vulnerable_versions: '>=13.0.0 <15.5.21',
2398 silly audit report       cwe: [Array],
2398 silly audit report       cvss: [Object]
2398 silly audit report     }
2398 silly audit report   ]
2398 silly audit report }
2399 silly packumentCache corgi:https://registry.npmjs.org/postcss cache-miss
2400 silly packumentCache corgi:https://registry.npmjs.org/next cache-miss
2401 http fetch GET 200 https://registry.npmjs.org/d3-timer/-/d3-timer-3.0.1.tgz 453ms (cache miss)
2402 http fetch GET 200 https://registry.npmjs.org/d3-ease/-/d3-ease-3.0.1.tgz 451ms (cache miss)
2403 http fetch GET 200 https://registry.npmjs.org/d3-format/-/d3-format-3.1.2.tgz 455ms (cache miss)
2404 http fetch GET 200 https://registry.npmjs.org/@types/d3-color/-/d3-color-3.1.3.tgz 455ms (cache miss)
2405 http fetch GET 200 https://registry.npmjs.org/escalade/-/escalade-3.2.0.tgz 456ms (cache miss)
2406 http fetch GET 200 https://registry.npmjs.org/d3-path/-/d3-path-3.1.0.tgz 476ms (cache miss)
2407 http fetch GET 200 https://registry.npmjs.org/d3-color/-/d3-color-3.1.0.tgz 474ms (cache miss)
2408 http fetch GET 200 https://registry.npmjs.org/thenify-all/-/thenify-all-1.6.0.tgz 465ms (cache miss)
2409 http fetch GET 200 https://registry.npmjs.org/@types/d3-ease/-/d3-ease-3.0.2.tgz 473ms (cache miss)
2410 http fetch GET 200 https://registry.npmjs.org/@types/d3-array/-/d3-array-3.2.2.tgz 473ms (cache miss)
2411 http fetch GET 200 https://registry.npmjs.org/@types/d3-interpolate/-/d3-interpolate-3.0.4.tgz 474ms (cache miss)
2412 http fetch GET 200 https://registry.npmjs.org/thenify/-/thenify-3.3.1.tgz 472ms (cache miss)
2413 http fetch GET 200 https://registry.npmjs.org/any-promise/-/any-promise-1.3.0.tgz 471ms (cache miss)
2414 http fetch GET 200 https://registry.npmjs.org/@jridgewell/resolve-uri/-/resolve-uri-3.1.2.tgz 471ms (cache miss)
2415 http fetch GET 200 https://registry.npmjs.org/@types/d3-path/-/d3-path-3.1.1.tgz 490ms (cache miss)
2416 http fetch GET 200 https://registry.npmjs.org/is-number/-/is-number-7.0.0.tgz 483ms (cache miss)
2417 http fetch GET 200 https://registry.npmjs.org/pirates/-/pirates-4.0.7.tgz 479ms (cache miss)
2418 http fetch GET 200 https://registry.npmjs.org/mz/-/mz-2.7.0.tgz 487ms (cache miss)
2419 http fetch GET 200 https://registry.npmjs.org/path-parse/-/path-parse-1.0.7.tgz 497ms (cache miss)
2420 http fetch GET 200 https://registry.npmjs.org/@types/d3-timer/-/d3-timer-3.0.2.tgz 520ms (cache miss)
2421 http fetch GET 200 https://registry.npmjs.org/es-errors/-/es-errors-1.3.0.tgz 505ms (cache miss)
2422 http fetch GET 200 https://registry.npmjs.org/util-deprecate/-/util-deprecate-1.0.2.tgz 504ms (cache miss)
2423 http fetch GET 200 https://registry.npmjs.org/camelcase-css/-/camelcase-css-2.0.1.tgz 506ms (cache miss)
2424 http fetch GET 200 https://registry.npmjs.org/@types/d3-shape/-/d3-shape-3.2.0.tgz 524ms (cache miss)
2425 http fetch GET 200 https://registry.npmjs.org/reusify/-/reusify-1.1.0.tgz 507ms (cache miss)
2426 http fetch GET 200 https://registry.npmjs.org/fastq/-/fastq-1.20.3.tgz 508ms (cache miss)
2427 http fetch GET 200 https://registry.npmjs.org/@types/d3-scale/-/d3-scale-4.0.9.tgz 530ms (cache miss)
2428 http fetch GET 200 https://registry.npmjs.org/is-extglob/-/is-extglob-2.1.1.tgz 520ms (cache miss)
2429 http fetch GET 200 https://registry.npmjs.org/queue-microtask/-/queue-microtask-1.2.3.tgz 526ms (cache miss)
2430 http fetch GET 200 https://registry.npmjs.org/to-regex-range/-/to-regex-range-5.0.1.tgz 520ms (cache miss)
2431 http fetch GET 200 https://registry.npmjs.org/binary-extensions/-/binary-extensions-2.3.0.tgz 522ms (cache miss)
2432 http fetch GET 200 https://registry.npmjs.org/lines-and-columns/-/lines-and-columns-1.2.4.tgz 531ms (cache miss)
2433 http fetch GET 200 https://registry.npmjs.org/readdirp/-/readdirp-3.6.0.tgz 516ms (cache miss)
2434 http fetch GET 200 https://registry.npmjs.org/@nodelib/fs.stat/-/fs.stat-2.0.5.tgz 519ms (cache miss)
2435 http fetch GET 200 https://registry.npmjs.org/merge2/-/merge2-1.4.1.tgz 526ms (cache miss)
2436 http fetch GET 200 https://registry.npmjs.org/run-parallel/-/run-parallel-1.2.0.tgz 526ms (cache miss)
2437 http fetch GET 200 https://registry.npmjs.org/read-cache/-/read-cache-1.0.2.tgz 534ms (cache miss)
2438 http fetch GET 200 https://registry.npmjs.org/is-binary-path/-/is-binary-path-2.1.0.tgz 533ms (cache miss)
2439 http fetch GET 200 https://registry.npmjs.org/@types/d3-time/-/d3-time-3.0.4.tgz 564ms (cache miss)
2440 http fetch GET 200 https://registry.npmjs.org/postcss-nested/-/postcss-nested-6.2.0.tgz 536ms (cache miss)
2441 http fetch GET 200 https://registry.npmjs.org/postcss-js/-/postcss-js-4.1.0.tgz 537ms (cache miss)
2442 http fetch GET 200 https://registry.npmjs.org/fill-range/-/fill-range-7.1.1.tgz 544ms (cache miss)
2443 http fetch GET 200 https://registry.npmjs.org/normalize-path/-/normalize-path-3.0.0.tgz 548ms (cache miss)
2444 http fetch GET 200 https://registry.npmjs.org/anymatch/-/anymatch-3.1.3.tgz 554ms (cache miss)
2445 http fetch GET 200 https://registry.npmjs.org/postcss-import/-/postcss-import-15.1.0.tgz 554ms (cache miss)
2446 http fetch GET 200 https://registry.npmjs.org/commander/-/commander-4.1.1.tgz 577ms (cache miss)
2447 http fetch GET 200 https://registry.npmjs.org/tinyglobby/-/tinyglobby-0.2.17.tgz 582ms (cache miss)
2448 http fetch GET 200 https://registry.npmjs.org/micromatch/-/micromatch-4.0.8.tgz 572ms (cache miss)
2449 http fetch GET 200 https://registry.npmjs.org/esbuild/-/esbuild-0.28.2.tgz 615ms (cache miss)
2450 http fetch GET 200 https://registry.npmjs.org/lilconfig/-/lilconfig-3.1.3.tgz 606ms (cache miss)
2451 http fetch GET 200 https://registry.npmjs.org/cssesc/-/cssesc-3.0.0.tgz 622ms (cache miss)
2452 http fetch GET 200 https://registry.npmjs.org/dlv/-/dlv-1.1.3.tgz 604ms (cache miss)
2453 http fetch GET 200 https://registry.npmjs.org/glob-parent/-/glob-parent-6.0.2.tgz 613ms (cache miss)
2454 http fetch GET 200 https://registry.npmjs.org/didyoumean/-/didyoumean-1.2.2.tgz 610ms (cache miss)
2455 http fetch GET 200 https://registry.npmjs.org/is-glob/-/is-glob-4.0.3.tgz 616ms (cache miss)
2456 http fetch GET 200 https://registry.npmjs.org/is-core-module/-/is-core-module-2.16.2.tgz 637ms (cache miss)
2457 http fetch GET 200 https://registry.npmjs.org/supports-preserve-symlinks-flag/-/supports-preserve-symlinks-flag-1.0.0.tgz 643ms (cache miss)
2458 http fetch GET 200 https://registry.npmjs.org/arg/-/arg-5.0.2.tgz 620ms (cache miss)
2459 http fetch GET 200 https://registry.npmjs.org/ts-interface-checker/-/ts-interface-checker-0.1.13.tgz 664ms (cache miss)
2460 http fetch GET 200 https://registry.npmjs.org/@alloc/quick-lru/-/quick-lru-5.2.0.tgz 634ms (cache miss)
2461 http fetch GET 200 https://registry.npmjs.org/postcss-load-config/-/postcss-load-config-6.0.1.tgz 646ms (cache miss)
2462 http fetch GET 200 https://registry.npmjs.org/client-only/-/client-only-0.0.1.tgz 646ms (cache miss)
2463 http fetch GET 200 https://registry.npmjs.org/hasown/-/hasown-2.0.4.tgz 674ms (cache miss)
2464 http fetch GET 200 https://registry.npmjs.org/function-bind/-/function-bind-1.1.2.tgz 678ms (cache miss)
2465 http fetch GET 200 https://registry.npmjs.org/object-assign/-/object-assign-4.1.1.tgz 652ms (cache miss)
2466 http fetch GET 200 https://registry.npmjs.org/object-hash/-/object-hash-3.0.0.tgz 659ms (cache miss)
2467 http fetch GET 200 https://registry.npmjs.org/tiny-invariant/-/tiny-invariant-1.3.3.tgz 675ms (cache miss)
2468 http fetch GET 200 https://registry.npmjs.org/chokidar/-/chokidar-3.6.0.tgz 681ms (cache miss)
2469 http fetch GET 200 https://registry.npmjs.org/picomatch/-/picomatch-2.3.2.tgz 714ms (cache miss)
2470 http fetch GET 200 https://registry.npmjs.org/braces/-/braces-3.0.3.tgz 713ms (cache miss)
2471 http fetch GET 200 https://registry.npmjs.org/d3-time/-/d3-time-3.1.0.tgz 761ms (cache miss)
2472 http fetch GET 200 https://registry.npmjs.org/prop-types/-/prop-types-15.8.1.tgz 723ms (cache miss)
2473 http fetch GET 200 https://registry.npmjs.org/clsx/-/clsx-2.1.1.tgz 734ms (cache miss)
2474 http fetch GET 200 https://registry.npmjs.org/react-is/-/react-is-18.3.1.tgz 739ms (cache miss)
2475 http fetch GET 200 https://registry.npmjs.org/eventemitter3/-/eventemitter3-4.0.7.tgz 761ms (cache miss)
2476 http fetch GET 200 https://registry.npmjs.org/js-tokens/-/js-tokens-4.0.0.tgz 767ms (cache miss)
2477 http fetch GET 200 https://registry.npmjs.org/quickselect/-/quickselect-2.0.0.tgz 774ms (cache miss)
2478 http fetch GET 200 https://registry.npmjs.org/loose-envify/-/loose-envify-1.4.0.tgz 776ms (cache miss)
2479 http fetch GET 200 https://registry.npmjs.org/decimal.js-light/-/decimal.js-light-2.5.1.tgz 790ms (cache miss)
2480 http fetch GET 200 https://registry.npmjs.org/fast-equals/-/fast-equals-5.4.1.tgz 791ms (cache miss)
2481 http fetch GET 200 https://registry.npmjs.org/@nodelib/fs.scandir/-/fs.scandir-2.1.5.tgz 839ms (cache miss)
2482 http fetch GET 200 https://registry.npmjs.org/streamsearch/-/streamsearch-1.1.0.tgz 813ms (cache miss)
2483 http fetch GET 200 https://registry.npmjs.org/d3-scale/-/d3-scale-4.0.2.tgz 876ms (cache miss)
2484 http fetch GET 200 https://registry.npmjs.org/recharts-scale/-/recharts-scale-0.4.5.tgz 841ms (cache miss)
2485 http fetch GET 200 https://registry.npmjs.org/@nodelib/fs.walk/-/fs.walk-1.2.8.tgz 867ms (cache miss)
2486 http fetch GET 200 https://registry.npmjs.org/@jridgewell/sourcemap-codec/-/sourcemap-codec-1.6.0.tgz 888ms (cache miss)
2487 http fetch GET 200 https://registry.npmjs.org/@jridgewell/gen-mapping/-/gen-mapping-0.3.13.tgz 891ms (cache miss)
2488 http fetch GET 200 https://registry.npmjs.org/@swc/counter/-/counter-0.1.3.tgz 853ms (cache miss)
2489 http fetch GET 200 https://registry.npmjs.org/d3-interpolate/-/d3-interpolate-3.0.1.tgz 923ms (cache miss)
2490 http fetch GET 200 https://registry.npmjs.org/graceful-fs/-/graceful-fs-4.2.11.tgz 872ms (cache miss)
2491 http fetch GET 200 https://registry.npmjs.org/scheduler/-/scheduler-0.23.2.tgz 883ms (cache miss)
2492 http fetch GET 200 https://registry.npmjs.org/source-map-js/-/source-map-js-1.2.1.tgz 901ms (cache miss)
2493 http fetch GET 200 https://registry.npmjs.org/splaytree-ts/-/splaytree-ts-1.0.2.tgz 901ms (cache miss)
2494 http fetch GET 200 https://registry.npmjs.org/internmap/-/internmap-1.0.1.tgz 912ms (cache miss)
2495 http fetch GET 200 https://registry.npmjs.org/d3-time-format/-/d3-time-format-4.1.0.tgz 986ms (cache miss)
2496 http fetch GET 200 https://registry.npmjs.org/nanoid/-/nanoid-3.3.18.tgz 933ms (cache miss)
2497 http fetch GET 200 https://registry.npmjs.org/point-in-polygon/-/point-in-polygon-1.1.0.tgz 995ms (cache miss)
2498 http fetch GET 200 https://registry.npmjs.org/@next/env/-/env-14.2.35.tgz 1020ms (cache miss)
2499 http fetch GET 200 https://registry.npmjs.org/picocolors/-/picocolors-1.1.1.tgz 1017ms (cache miss)
2500 http fetch GET 200 https://registry.npmjs.org/postcss-selector-parser/-/postcss-selector-parser-6.1.4.tgz 1058ms (cache miss)
2501 http fetch GET 200 https://registry.npmjs.org/postcss-value-parser/-/postcss-value-parser-4.2.0.tgz 1024ms (cache miss)
2502 http fetch GET 200 https://registry.npmjs.org/react-smooth/-/react-smooth-4.0.4.tgz 1044ms (cache miss)
2503 http fetch GET 200 https://registry.npmjs.org/@types/prop-types/-/prop-types-15.7.15.tgz 1030ms (cache miss)
2504 http fetch GET 200 https://registry.npmjs.org/update-browserslist-db/-/update-browserslist-db-1.3.2.tgz 1037ms (cache miss)
2505 http fetch GET 200 https://registry.npmjs.org/bignumber.js/-/bignumber.js-9.3.1.tgz 1062ms (cache miss)
2506 http fetch GET 200 https://registry.npmjs.org/@jridgewell/trace-mapping/-/trace-mapping-0.3.31.tgz 1115ms (cache miss)
2507 http fetch GET 200 https://registry.npmjs.org/electron-to-chromium/-/electron-to-chromium-1.5.416.tgz 1069ms (cache miss)
2508 http fetch GET 200 https://registry.npmjs.org/react-transition-group/-/react-transition-group-4.4.5.tgz 1090ms (cache miss)
2509 http fetch GET 200 https://registry.npmjs.org/browserslist/-/browserslist-4.28.8.tgz 1068ms (cache miss)
2510 http fetch GET 200 https://registry.npmjs.org/baseline-browser-mapping/-/baseline-browser-mapping-2.11.20.tgz 1075ms (cache miss)
2511 http fetch GET 200 https://registry.npmjs.org/busboy/-/busboy-1.6.0.tgz 1086ms (cache miss)
2512 http fetch GET 200 https://registry.npmjs.org/node-releases/-/node-releases-2.0.54.tgz 1097ms (cache miss)
2513 http fetch GET 200 https://registry.npmjs.org/fraction.js/-/fraction.js-5.3.4.tgz 1118ms (cache miss)
2514 http fetch GET 200 https://registry.npmjs.org/@react-leaflet/core/-/core-2.1.0.tgz 1175ms (cache miss)
2515 http fetch GET 200 https://registry.npmjs.org/fast-glob/-/fast-glob-3.3.3.tgz 1193ms (cache miss)
2516 http fetch GET 200 https://registry.npmjs.org/d3-shape/-/d3-shape-3.2.0.tgz 1258ms (cache miss)
2517 http fetch GET 200 https://registry.npmjs.org/csstype/-/csstype-3.2.3.tgz 1188ms (cache miss)
2518 http fetch GET 200 https://registry.npmjs.org/tinyqueue/-/tinyqueue-2.0.3.tgz 1189ms (cache miss)
2519 http fetch GET 200 https://registry.npmjs.org/styled-jsx/-/styled-jsx-5.1.1.tgz 1236ms (cache miss)
2520 http fetch GET 200 https://registry.npmjs.org/undici-types/-/undici-types-6.21.0.tgz 1241ms (cache miss)
2521 http fetch GET 200 https://registry.npmjs.org/earcut/-/earcut-2.2.4.tgz 1256ms (cache miss)
2522 http fetch GET 200 https://registry.npmjs.org/d3-array/-/d3-array-2.12.1.tgz 1269ms (cache miss)
2523 http fetch GET 200 https://registry.npmjs.org/@types/d3-voronoi/-/d3-voronoi-1.1.12.tgz 1282ms (cache miss)
2524 http fetch GET 200 https://registry.npmjs.org/jiti/-/jiti-1.21.7.tgz 1357ms (cache miss)
2525 http fetch GET 200 https://registry.npmjs.org/concaveman/-/concaveman-1.2.1.tgz 1345ms (cache miss)
2526 http fetch GET 200 https://registry.npmjs.org/@types/earcut/-/earcut-2.1.4.tgz 1362ms (cache miss)
2527 http fetch GET 200 https://registry.npmjs.org/resolve/-/resolve-1.22.12.tgz 1426ms (cache miss)
2528 http fetch GET 200 https://registry.npmjs.org/rbush/-/rbush-3.0.1.tgz 1395ms (cache miss)
2529 http fetch GET 200 https://registry.npmjs.org/topojson-client/-/topojson-client-3.1.0.tgz 1398ms (cache miss)
2530 http fetch GET 200 https://registry.npmjs.org/robust-predicates/-/robust-predicates-2.0.4.tgz 1426ms (cache miss)
2531 http fetch GET 200 https://registry.npmjs.org/topojson-server/-/topojson-server-3.0.1.tgz 1427ms (cache miss)
2532 http fetch GET 200 https://registry.npmjs.org/point-in-polygon-hao/-/point-in-polygon-hao-1.2.4.tgz 1434ms (cache miss)
2533 http fetch GET 200 https://registry.npmjs.org/geojson-polygon-self-intersections/-/geojson-polygon-self-intersections-1.2.2.tgz 1435ms (cache miss)
2534 http fetch GET 200 https://registry.npmjs.org/arc/-/arc-0.2.0.tgz 1444ms (cache miss)
2535 http fetch GET 200 https://registry.npmjs.org/geojson-equality-ts/-/geojson-equality-ts-1.0.2.tgz 1439ms (cache miss)
2536 http fetch GET 200 https://registry.npmjs.org/skmeans/-/skmeans-0.9.7.tgz 1480ms (cache miss)
2537 http fetch GET 200 https://registry.npmjs.org/@types/geojson/-/geojson-7946.0.16.tgz 1522ms (cache miss)
2538 http fetch GET 200 https://registry.npmjs.org/fast-deep-equal/-/fast-deep-equal-3.1.3.tgz 1564ms (cache miss)
2539 http fetch GET 200 https://registry.npmjs.org/polyclip-ts/-/polyclip-ts-0.16.8.tgz 1626ms (cache miss)
2540 http fetch GET 200 https://registry.npmjs.org/d3-voronoi/-/d3-voronoi-1.1.2.tgz 1643ms (cache miss)
2541 http fetch GET 200 https://registry.npmjs.org/@types/kdbush/-/kdbush-3.0.5.tgz 1674ms (cache miss)
2542 http fetch GET 200 https://registry.npmjs.org/d3-geo/-/d3-geo-2.0.2.tgz 1713ms (cache miss)
2543 http fetch GET 200 https://registry.npmjs.org/@turf/union/-/union-7.4.0.tgz 1715ms (cache miss)
2544 http fetch GET 200 https://registry.npmjs.org/dom-helpers/-/dom-helpers-5.2.1.tgz 1811ms (cache miss)
2545 http fetch GET 200 https://registry.npmjs.org/@babel/runtime/-/runtime-7.29.7.tgz 1830ms (cache miss)
2546 http fetch GET 200 https://registry.npmjs.org/sucrase/-/sucrase-3.35.1.tgz 1861ms (cache miss)
2547 http fetch GET 200 https://registry.npmjs.org/tslib/-/tslib-2.8.1.tgz 1889ms (cache miss)
2548 http fetch GET 200 https://registry.npmjs.org/@turf/transform-translate/-/transform-translate-7.4.0.tgz 1897ms (cache miss)
2549 http fetch GET 200 https://registry.npmjs.org/@turf/triangle-grid/-/triangle-grid-7.4.0.tgz 1902ms (cache miss)
2550 http fetch GET 200 https://registry.npmjs.org/@turf/tesselate/-/tesselate-7.4.0.tgz 1931ms (cache miss)
2551 http fetch GET 200 https://registry.npmjs.org/@turf/truncate/-/truncate-7.4.0.tgz 1942ms (cache miss)
2552 http fetch GET 200 https://registry.npmjs.org/@turf/tin/-/tin-7.4.0.tgz 1968ms (cache miss)
2553 http fetch GET 200 https://registry.npmjs.org/@turf/voronoi/-/voronoi-7.4.0.tgz 1974ms (cache miss)
2554 http fetch GET 200 https://registry.npmjs.org/@turf/unkink-polygon/-/unkink-polygon-7.4.0.tgz 1996ms (cache miss)
2555 http fetch GET 200 https://registry.npmjs.org/@turf/standard-deviational-ellipse/-/standard-deviational-ellipse-7.4.0.tgz 2009ms (cache miss)
2556 http fetch GET 200 https://registry.npmjs.org/victory-vendor/-/victory-vendor-36.9.2.tgz 2116ms (cache miss)
2557 http fetch GET 200 https://registry.npmjs.org/@swc/helpers/-/helpers-0.5.5.tgz 2119ms (cache miss)
2558 http fetch GET 200 https://registry.npmjs.org/@turf/transform-rotate/-/transform-rotate-7.4.0.tgz 2175ms (cache miss)
2559 http fetch GET 200 https://registry.npmjs.org/@turf/jsts/-/jsts-2.7.2.tgz 2205ms (cache miss)
2560 http fetch GET 200 https://registry.npmjs.org/@turf/tag/-/tag-7.4.0.tgz 2332ms (cache miss)
2561 http fetch GET 200 https://registry.npmjs.org/@turf/square/-/square-7.4.0.tgz 2338ms (cache miss)
2562 http fetch GET 200 https://registry.npmjs.org/@turf/rhumb-distance/-/rhumb-distance-7.4.0.tgz 2411ms (cache miss)
2563 http fetch GET 200 https://registry.npmjs.org/@turf/rhumb-destination/-/rhumb-destination-7.4.0.tgz 2419ms (cache miss)
2564 http fetch GET 200 https://registry.npmjs.org/@turf/transform-scale/-/transform-scale-7.4.0.tgz 2441ms (cache miss)
2565 http fetch GET 200 https://registry.npmjs.org/@turf/rewind/-/rewind-7.4.0.tgz 2449ms (cache miss)
2566 http fetch GET 200 https://registry.npmjs.org/@turf/sample/-/sample-7.4.0.tgz 2481ms (cache miss)
2567 http fetch GET 200 https://registry.npmjs.org/@turf/simplify/-/simplify-7.4.0.tgz 2491ms (cache miss)
2568 http fetch GET 200 https://registry.npmjs.org/@turf/shortest-path/-/shortest-path-7.4.0.tgz 2564ms (cache miss)
2569 http fetch GET 200 https://registry.npmjs.org/@turf/rhumb-bearing/-/rhumb-bearing-7.4.0.tgz 2610ms (cache miss)
2570 http fetch GET 200 https://registry.npmjs.org/@turf/square-grid/-/square-grid-7.4.0.tgz 2626ms (cache miss)
2571 http fetch GET 200 https://registry.npmjs.org/lodash/-/lodash-4.18.1.tgz 2672ms (cache miss)
2572 http fetch GET 200 https://registry.npmjs.org/@turf/rectangle-grid/-/rectangle-grid-7.4.0.tgz 2711ms (cache miss)
2573 http fetch GET 200 https://registry.npmjs.org/@turf/polygon-tangents/-/polygon-tangents-7.4.0.tgz 2722ms (cache miss)
2574 http fetch GET 200 https://registry.npmjs.org/@turf/sector/-/sector-7.4.0.tgz 2750ms (cache miss)
2575 http fetch GET 200 https://registry.npmjs.org/@turf/projection/-/projection-7.4.0.tgz 2753ms (cache miss)
2576 http fetch GET 200 https://registry.npmjs.org/@turf/random/-/random-7.4.0.tgz 2811ms (cache miss)
2577 http fetch GET 200 https://registry.npmjs.org/@turf/polygon-to-line/-/polygon-to-line-7.4.0.tgz 2861ms (cache miss)
2578 http fetch GET 200 https://registry.npmjs.org/caniuse-lite/-/caniuse-lite-1.0.30001810.tgz 2904ms (cache miss)
2579 http fetch GET 200 https://registry.npmjs.org/@turf/point-to-polygon-distance/-/point-to-polygon-distance-7.4.0.tgz 2882ms (cache miss)
2580 http fetch GET 200 https://registry.npmjs.org/@turf/points-within-polygon/-/points-within-polygon-7.4.0.tgz 2923ms (cache miss)
2581 http fetch GET 200 https://registry.npmjs.org/@turf/quadrat-analysis/-/quadrat-analysis-7.4.0.tgz 2939ms (cache miss)
2582 http fetch GET 200 https://registry.npmjs.org/@turf/polygonize/-/polygonize-7.4.0.tgz 2952ms (cache miss)
2583 http fetch GET 200 https://registry.npmjs.org/@turf/polygon-smooth/-/polygon-smooth-7.4.0.tgz 3094ms (cache miss)
2584 http fetch GET 200 https://registry.npmjs.org/@turf/nearest-point-on-line/-/nearest-point-on-line-7.4.0.tgz 3134ms (cache miss)
2585 http fetch GET 200 https://registry.npmjs.org/@turf/mask/-/mask-7.4.0.tgz 3217ms (cache miss)
2586 http fetch GET 200 https://registry.npmjs.org/@turf/point-to-line-distance/-/point-to-line-distance-7.4.0.tgz 3240ms (cache miss)
2587 http fetch GET 200 https://registry.npmjs.org/@turf/nearest-point/-/nearest-point-7.4.0.tgz 3245ms (cache miss)
2588 http fetch GET 200 https://registry.npmjs.org/@turf/point-grid/-/point-grid-7.4.0.tgz 3259ms (cache miss)
2589 http fetch GET 200 https://registry.npmjs.org/@turf/point-on-feature/-/point-on-feature-7.4.0.tgz 3268ms (cache miss)
2590 http fetch GET 200 https://registry.npmjs.org/@turf/planepoint/-/planepoint-7.4.0.tgz 3280ms (cache miss)
2591 http fetch GET 200 https://registry.npmjs.org/@turf/nearest-point-to-line/-/nearest-point-to-line-7.4.0.tgz 3282ms (cache miss)
2592 http fetch GET 200 https://registry.npmjs.org/@turf/midpoint/-/midpoint-7.4.0.tgz 3340ms (cache miss)
2593 http fetch GET 200 https://registry.npmjs.org/@turf/moran-index/-/moran-index-7.4.0.tgz 3389ms (cache miss)
2594 http fetch GET 200 https://registry.npmjs.org/@turf/line-to-polygon/-/line-to-polygon-7.4.0.tgz 3405ms (cache miss)
2595 http fetch GET 200 https://registry.npmjs.org/@turf/nearest-neighbor-analysis/-/nearest-neighbor-analysis-7.4.0.tgz 3419ms (cache miss)
2596 http fetch GET 200 https://registry.npmjs.org/@turf/meta/-/meta-7.4.0.tgz 3426ms (cache miss)
2597 http fetch GET 200 https://registry.npmjs.org/@turf/line-intersect/-/line-intersect-7.4.0.tgz 3632ms (cache miss)
2598 http fetch GET 200 https://registry.npmjs.org/@turf/line-overlap/-/line-overlap-7.4.0.tgz 3689ms (cache miss)
2599 http fetch GET 200 https://registry.npmjs.org/@turf/line-split/-/line-split-7.4.0.tgz 3691ms (cache miss)
2600 http fetch GET 200 https://registry.npmjs.org/jsts/-/jsts-2.7.1.tgz 3792ms (cache miss)
2601 http fetch GET 200 https://registry.npmjs.org/@turf/line-chunk/-/line-chunk-7.4.0.tgz 3785ms (cache miss)
2602 http fetch GET 200 https://registry.npmjs.org/@turf/line-segment/-/line-segment-7.4.0.tgz 3792ms (cache miss)
2603 http fetch GET 200 https://registry.npmjs.org/@turf/kinks/-/kinks-7.4.0.tgz 3824ms (cache miss)
2604 http fetch GET 200 https://registry.npmjs.org/@turf/line-slice-along/-/line-slice-along-7.4.0.tgz 3830ms (cache miss)
2605 http fetch GET 200 https://registry.npmjs.org/@turf/line-offset/-/line-offset-7.4.0.tgz 3840ms (cache miss)
2606 http fetch GET 200 https://registry.npmjs.org/@turf/length/-/length-7.4.0.tgz 3896ms (cache miss)
2607 http fetch GET 200 https://registry.npmjs.org/@turf/line-arc/-/line-arc-7.4.0.tgz 3903ms (cache miss)
2608 http fetch GET 200 https://registry.npmjs.org/@turf/line-slice/-/line-slice-7.4.0.tgz 4002ms (cache miss)
2609 http fetch GET 200 https://registry.npmjs.org/@turf/isobands/-/isobands-7.4.0.tgz 4004ms (cache miss)
2610 http fetch GET 200 https://registry.npmjs.org/@turf/helpers/-/helpers-7.4.0.tgz 4079ms (cache miss)
2611 http fetch GET 200 https://registry.npmjs.org/@turf/isolines/-/isolines-7.4.0.tgz 4081ms (cache miss)
2612 http fetch GET 200 https://registry.npmjs.org/@turf/intersect/-/intersect-7.4.0.tgz 4200ms (cache miss)
2613 http fetch GET 200 https://registry.npmjs.org/@turf/invariant/-/invariant-7.4.0.tgz 4200ms (cache miss)
2614 http fetch GET 200 https://registry.npmjs.org/@turf/interpolate/-/interpolate-7.4.0.tgz 4221ms (cache miss)
2615 http fetch GET 200 https://registry.npmjs.org/@esbuild/win32-x64/-/win32-x64-0.28.2.tgz 4350ms (cache miss)
2616 http fetch GET 200 https://registry.npmjs.org/@turf/great-circle/-/great-circle-7.4.0.tgz 4314ms (cache miss)
2617 http fetch GET 200 https://registry.npmjs.org/@turf/explode/-/explode-7.4.0.tgz 4348ms (cache miss)
2618 http fetch GET 200 https://registry.npmjs.org/@turf/flip/-/flip-7.4.0.tgz 4370ms (cache miss)
2619 http fetch GET 200 https://registry.npmjs.org/@turf/hex-grid/-/hex-grid-7.4.0.tgz 4382ms (cache miss)
2620 http fetch GET 200 https://registry.npmjs.org/@turf/geojson-rbush/-/geojson-rbush-7.4.0.tgz 4381ms (cache miss)
2621 http fetch GET 200 https://registry.npmjs.org/@turf/flatten/-/flatten-7.4.0.tgz 4410ms (cache miss)
2622 http fetch GET 200 https://registry.npmjs.org/@turf/dissolve/-/dissolve-7.4.0.tgz 4490ms (cache miss)
2623 http fetch GET 200 https://registry.npmjs.org/@turf/distance-weight/-/distance-weight-7.4.0.tgz 4519ms (cache miss)
2624 http fetch GET 200 https://registry.npmjs.org/@turf/distance/-/distance-7.4.0.tgz 4529ms (cache miss)
2625 http fetch GET 200 https://registry.npmjs.org/@turf/ellipse/-/ellipse-7.4.0.tgz 4591ms (cache miss)
2626 http fetch GET 200 https://registry.npmjs.org/@turf/difference/-/difference-7.4.0.tgz 4607ms (cache miss)
2627 http fetch GET 200 https://registry.npmjs.org/@turf/directional-mean/-/directional-mean-7.4.0.tgz 4621ms (cache miss)
2628 http fetch GET 200 https://registry.npmjs.org/@turf/combine/-/combine-7.4.0.tgz 4634ms (cache miss)
2629 http fetch GET 200 https://registry.npmjs.org/@turf/envelope/-/envelope-7.4.0.tgz 4659ms (cache miss)
2630 http fetch GET 200 https://registry.npmjs.org/@turf/destination/-/destination-7.4.0.tgz 4730ms (cache miss)
2631 http fetch GET 200 https://registry.npmjs.org/@turf/clone/-/clone-7.4.0.tgz 4795ms (cache miss)
2632 http fetch GET 200 https://registry.npmjs.org/@turf/clusters-kmeans/-/clusters-kmeans-7.4.0.tgz 4803ms (cache miss)
2633 http fetch GET 200 https://registry.npmjs.org/@turf/concave/-/concave-7.4.0.tgz 4806ms (cache miss)
2634 http fetch GET 200 https://registry.npmjs.org/@turf/clean-coords/-/clean-coords-7.4.0.tgz 4824ms (cache miss)
2635 http fetch GET 200 https://registry.npmjs.org/@turf/convex/-/convex-7.4.0.tgz 4879ms (cache miss)
2636 http fetch GET 200 https://registry.npmjs.org/@turf/clusters/-/clusters-7.4.0.tgz 4914ms (cache miss)
2637 http fetch GET 200 https://registry.npmjs.org/@turf/circle/-/circle-7.4.0.tgz 4941ms (cache miss)
2638 http fetch GET 200 https://registry.npmjs.org/@turf/collect/-/collect-7.4.0.tgz 4991ms (cache miss)
2639 http fetch GET 200 https://registry.npmjs.org/@turf/centroid/-/centroid-7.4.0.tgz 4991ms (cache miss)
2640 http fetch GET 200 https://registry.npmjs.org/@turf/buffer/-/buffer-7.4.0.tgz 5019ms (cache miss)
2641 http fetch GET 200 https://registry.npmjs.org/@turf/center-mean/-/center-mean-7.4.0.tgz 5038ms (cache miss)
2642 http fetch GET 200 https://registry.npmjs.org/@turf/center-median/-/center-median-7.4.0.tgz 5076ms (cache miss)
2643 http fetch GET 200 https://registry.npmjs.org/@turf/boolean-touches/-/boolean-touches-7.4.0.tgz 5086ms (cache miss)
2644 http fetch GET 200 https://registry.npmjs.org/@turf/clusters-dbscan/-/clusters-dbscan-7.4.0.tgz 5102ms (cache miss)
2645 http fetch GET 200 https://registry.npmjs.org/@turf/boolean-point-in-polygon/-/boolean-point-in-polygon-7.4.0.tgz 5146ms (cache miss)
2646 http fetch GET 200 https://registry.npmjs.org/@turf/center-of-mass/-/center-of-mass-7.4.0.tgz 5174ms (cache miss)
2647 http fetch GET 200 https://registry.npmjs.org/@turf/boolean-point-on-line/-/boolean-point-on-line-7.4.0.tgz 5181ms (cache miss)
2648 http fetch GET 200 https://registry.npmjs.org/@turf/boolean-valid/-/boolean-valid-7.4.0.tgz 5237ms (cache miss)
2649 http fetch GET 200 https://registry.npmjs.org/@turf/boolean-parallel/-/boolean-parallel-7.4.0.tgz 5266ms (cache miss)
2650 http fetch GET 200 https://registry.npmjs.org/@turf/boolean-within/-/boolean-within-7.4.0.tgz 5297ms (cache miss)
2651 http fetch GET 200 https://registry.npmjs.org/@turf/center/-/center-7.4.0.tgz 5310ms (cache miss)
2652 http fetch GET 200 https://registry.npmjs.org/@turf/boolean-crosses/-/boolean-crosses-7.4.0.tgz 5323ms (cache miss)
2653 http fetch GET 200 https://registry.npmjs.org/@turf/boolean-disjoint/-/boolean-disjoint-7.4.0.tgz 5350ms (cache miss)
2654 http fetch GET 200 https://registry.npmjs.org/@turf/boolean-intersects/-/boolean-intersects-7.4.0.tgz 5449ms (cache miss)
2655 http fetch GET 200 https://registry.npmjs.org/@turf/boolean-overlap/-/boolean-overlap-7.4.0.tgz 5490ms (cache miss)
2656 http fetch GET 200 https://registry.npmjs.org/@turf/boolean-contains/-/boolean-contains-7.4.0.tgz 5509ms (cache miss)
2657 http fetch GET 200 https://registry.npmjs.org/@turf/boolean-equal/-/boolean-equal-7.4.0.tgz 5518ms (cache miss)
2658 http fetch GET 200 https://registry.npmjs.org/react-leaflet/-/react-leaflet-4.2.1.tgz 5675ms (cache miss)
2659 http fetch GET 200 https://registry.npmjs.org/@turf/boolean-concave/-/boolean-concave-7.4.0.tgz 5695ms (cache miss)
2660 http fetch GET 200 https://registry.npmjs.org/@turf/angle/-/angle-7.4.0.tgz 5692ms (cache miss)
2661 http fetch GET 200 https://registry.npmjs.org/@turf/boolean-clockwise/-/boolean-clockwise-7.4.0.tgz 5706ms (cache miss)
2662 http fetch GET 200 https://registry.npmjs.org/@turf/bbox-clip/-/bbox-clip-7.4.0.tgz 5750ms (cache miss)
2663 http fetch GET 200 https://registry.npmjs.org/@turf/bezier-spline/-/bezier-spline-7.4.0.tgz 5761ms (cache miss)
2664 http fetch GET 200 https://registry.npmjs.org/@turf/bearing/-/bearing-7.4.0.tgz 5815ms (cache miss)
2665 http fetch GET 200 https://registry.npmjs.org/tsx/-/tsx-4.23.13.tgz 5819ms (cache miss)
2666 http fetch GET 200 https://registry.npmjs.org/@turf/bbox/-/bbox-7.4.0.tgz 5854ms (cache miss)
2667 http fetch GET 200 https://registry.npmjs.org/@turf/bbox-polygon/-/bbox-polygon-7.4.0.tgz 5891ms (cache miss)
2668 http fetch GET 200 https://registry.npmjs.org/@turf/area/-/area-7.4.0.tgz 5913ms (cache miss)
2669 http fetch GET 200 https://registry.npmjs.org/@types/react-dom/-/react-dom-18.3.7.tgz 5921ms (cache miss)
2670 http fetch GET 200 https://registry.npmjs.org/@turf/along/-/along-7.4.0.tgz 5943ms (cache miss)
2671 http fetch GET 200 https://registry.npmjs.org/@types/react/-/react-18.3.31.tgz 5957ms (cache miss)
2672 http fetch GET 200 https://registry.npmjs.org/autoprefixer/-/autoprefixer-10.5.4.tgz 5982ms (cache miss)
2673 http fetch GET 200 https://registry.npmjs.org/glob-parent/-/glob-parent-5.1.2.tgz 6023ms (cache miss)
2674 http fetch GET 200 https://registry.npmjs.org/commander/-/commander-2.20.3.tgz 6126ms (cache miss)
2675 http fetch GET 200 https://registry.npmjs.org/postcss/-/postcss-8.5.26.tgz 6146ms (cache miss)
2676 http fetch GET 200 https://registry.npmjs.org/picomatch/-/picomatch-4.0.7.tgz 6185ms (cache miss)
2677 http fetch GET 200 https://registry.npmjs.org/glob-parent/-/glob-parent-5.1.2.tgz 6196ms (cache miss)
2678 http fetch GET 200 https://registry.npmjs.org/@types/leaflet/-/leaflet-1.9.22.tgz 6231ms (cache miss)
2679 http fetch GET 200 https://registry.npmjs.org/react-is/-/react-is-16.13.1.tgz 6236ms (cache miss)
2680 http fetch GET 200 https://registry.npmjs.org/react/-/react-18.3.1.tgz 6277ms (cache miss)
2681 http fetch GET 200 https://registry.npmjs.org/quickselect/-/quickselect-1.1.1.tgz 6273ms (cache miss)
2682 http fetch GET 200 https://registry.npmjs.org/commander/-/commander-2.20.3.tgz 6276ms (cache miss)
2683 http fetch GET 200 https://registry.npmjs.org/rbush/-/rbush-2.0.2.tgz 6330ms (cache miss)
2684 http fetch GET 200 https://registry.npmjs.org/tailwindcss/-/tailwindcss-3.4.19.tgz 6352ms (cache miss)
2685 http fetch GET 200 https://registry.npmjs.org/@types/node/-/node-20.19.43.tgz 6377ms (cache miss)
2686 http fetch GET 200 https://registry.npmjs.org/robust-predicates/-/robust-predicates-3.0.3.tgz 6379ms (cache miss)
2687 http fetch GET 200 https://registry.npmjs.org/d3-array/-/d3-array-3.2.4.tgz 6390ms (cache miss)
2688 http fetch GET 200 https://registry.npmjs.org/postcss/-/postcss-8.4.31.tgz 6409ms (cache miss)
2689 http fetch GET 200 https://registry.npmjs.org/fdir/-/fdir-6.5.0.tgz 6417ms (cache miss)
2690 http fetch GET 200 https://registry.npmjs.org/@turf/turf/-/turf-7.4.0.tgz 6742ms (cache miss)
2691 http fetch GET 200 https://registry.npmjs.org/postcss 6760ms (cache miss)
2692 silly packumentCache corgi:https://registry.npmjs.org/postcss set size:undefined disposed:false
2693 http fetch GET 200 https://registry.npmjs.org/recharts/-/recharts-2.15.4.tgz 8175ms (cache miss)
2694 warn deprecated recharts@2.15.4: 1.x and 2.x branches are no longer active. Bump to Recharts v3 to receive latest features and bugfixes. See https://github.com/recharts/recharts/wiki/3.0-migration-guide
2695 http fetch GET 200 https://registry.npmjs.org/leaflet/-/leaflet-1.9.4.tgz 8247ms (cache miss)
2696 http fetch GET 200 https://registry.npmjs.org/next 8635ms (cache miss)
2697 silly packumentCache corgi:https://registry.npmjs.org/next set size:undefined disposed:false
2698 http fetch GET 200 https://registry.npmjs.org/react-dom/-/react-dom-18.3.1.tgz 11280ms (cache miss)
2699 http fetch GET 200 https://registry.npmjs.org/typescript/-/typescript-5.9.3.tgz 13492ms (cache miss)
2700 http fetch GET 200 https://registry.npmjs.org/next/-/next-14.2.35.tgz 24881ms (cache miss)
2701 http fetch GET 200 https://registry.npmjs.org/@next/swc-win32-x64-msvc/-/swc-win32-x64-msvc-14.2.33.tgz 25471ms (cache miss)
2702 info run esbuild@0.28.2 postinstall node_modules/esbuild node install.js
2703 info run esbuild@0.28.2 postinstall { code: 0, signal: null }
2704 silly ADD node_modules/d3-path
2705 silly ADD node_modules/d3-time-format
2706 silly ADD node_modules/d3-format
2707 silly ADD node_modules/d3-color
2708 silly ADD node_modules/@types/d3-path
2709 silly ADD node_modules/@types/d3-color
2710 silly ADD node_modules/d3-timer
2711 silly ADD node_modules/d3-time
2712 silly ADD node_modules/d3-shape
2713 silly ADD node_modules/d3-scale
2714 silly ADD node_modules/d3-interpolate
2715 silly ADD node_modules/d3-ease
2716 silly ADD node_modules/@types/d3-timer
2717 silly ADD node_modules/@types/d3-time
2718 silly ADD node_modules/@types/d3-shape
2719 silly ADD node_modules/@types/d3-scale
2720 silly ADD node_modules/@types/d3-interpolate
2721 silly ADD node_modules/@types/d3-ease
2722 silly ADD node_modules/@types/d3-array
2723 silly ADD node_modules/escalade
2724 silly ADD node_modules/@esbuild/win32-x64
2725 silly ADD node_modules/esbuild
2726 silly ADD node_modules/is-number
2727 silly ADD node_modules/thenify
2728 silly ADD node_modules/thenify-all
2729 silly ADD node_modules/any-promise
2730 silly ADD node_modules/@jridgewell/resolve-uri
2731 silly ADD node_modules/@jridgewell/trace-mapping
2732 silly ADD node_modules/@jridgewell/sourcemap-codec
2733 silly ADD node_modules/ts-interface-checker
2734 silly ADD node_modules/tinyglobby
2735 silly ADD node_modules/tinyglobby/node_modules/picomatch
2736 silly ADD node_modules/tinyglobby/node_modules/fdir
2737 silly ADD node_modules/pirates
2738 silly ADD node_modules/mz
2739 silly ADD node_modules/lines-and-columns
2740 silly ADD node_modules/commander
2741 silly ADD node_modules/@jridgewell/gen-mapping
2742 silly ADD node_modules/queue-microtask
2743 silly ADD node_modules/function-bind
2744 silly ADD node_modules/hasown
2745 silly ADD node_modules/supports-preserve-symlinks-flag
2746 silly ADD node_modules/path-parse
2747 silly ADD node_modules/is-core-module
2748 silly ADD node_modules/es-errors
2749 silly ADD node_modules/util-deprecate
2750 silly ADD node_modules/cssesc
2751 silly ADD node_modules/camelcase-css
2752 silly ADD node_modules/read-cache
2753 silly ADD node_modules/is-extglob
2754 silly ADD node_modules/binary-extensions
2755 silly ADD node_modules/to-regex-range
2756 silly ADD node_modules/reusify
2757 silly ADD node_modules/run-parallel
2758 silly ADD node_modules/fastq
2759 silly ADD node_modules/@nodelib/fs.scandir
2760 silly ADD node_modules/merge2
2761 silly ADD node_modules/@nodelib/fs.walk
2762 silly ADD node_modules/@nodelib/fs.stat
2763 silly ADD node_modules/fill-range
2764 silly ADD node_modules/picomatch
2765 silly ADD node_modules/readdirp
2766 silly ADD node_modules/is-binary-path
2767 silly ADD node_modules/braces
2768 silly ADD node_modules/anymatch
2769 silly ADD node_modules/sucrase
2770 silly ADD node_modules/resolve
2771 silly ADD node_modules/postcss-selector-parser
2772 silly ADD node_modules/postcss-nested
2773 silly ADD node_modules/postcss-load-config
2774 silly ADD node_modules/postcss-js
2775 silly ADD node_modules/postcss-import
2776 silly ADD node_modules/object-hash
2777 silly ADD node_modules/normalize-path
2778 silly ADD node_modules/micromatch
2779 silly ADD node_modules/lilconfig
2780 silly ADD node_modules/jiti
2781 silly ADD node_modules/is-glob
2782 silly ADD node_modules/glob-parent
2783 silly ADD node_modules/fast-glob
2784 silly ADD node_modules/fast-glob/node_modules/glob-parent
2785 silly ADD node_modules/dlv
2786 silly ADD node_modules/didyoumean
2787 silly ADD node_modules/chokidar
2788 silly ADD node_modules/chokidar/node_modules/glob-parent
2789 silly ADD node_modules/arg
2790 silly ADD node_modules/@alloc/quick-lru
2791 silly ADD node_modules/client-only
2792 silly ADD node_modules/decimal.js-light
2793 silly ADD node_modules/dom-helpers
2794 silly ADD node_modules/@babel/runtime
2795 silly ADD node_modules/object-assign
2796 silly ADD node_modules/react-transition-group
2797 silly ADD node_modules/prop-types
2798 silly ADD node_modules/prop-types/node_modules/react-is
2799 silly ADD node_modules/fast-equals
2800 silly ADD node_modules/victory-vendor
2801 silly ADD node_modules/victory-vendor/node_modules/d3-array
2802 silly ADD node_modules/tiny-invariant
2803 silly ADD node_modules/recharts-scale
2804 silly ADD node_modules/react-smooth
2805 silly ADD node_modules/react-is
2806 silly ADD node_modules/lodash
2807 silly ADD node_modules/eventemitter3
2808 silly ADD node_modules/clsx
2809 silly ADD node_modules/@react-leaflet/core
2810 silly ADD node_modules/scheduler
2811 silly ADD node_modules/js-tokens
2812 silly ADD node_modules/loose-envify
2813 silly ADD node_modules/quickselect
2814 silly ADD node_modules/source-map-js
2815 silly ADD node_modules/nanoid
2816 silly ADD node_modules/splaytree-ts
2817 silly ADD node_modules/bignumber.js
2818 silly ADD node_modules/streamsearch
2819 silly ADD node_modules/@swc/counter
2820 silly ADD node_modules/styled-jsx
2821 silly ADD node_modules/graceful-fs
2822 silly ADD node_modules/busboy
2823 silly ADD node_modules/@swc/helpers
2824 silly ADD node_modules/@next/swc-win32-x64-msvc
2825 silly ADD node_modules/@next/env
2826 silly ADD node_modules/internmap
2827 silly ADD node_modules/d3-array
2828 silly ADD node_modules/point-in-polygon
2829 silly ADD node_modules/update-browserslist-db
2830 silly ADD node_modules/node-releases
2831 silly ADD node_modules/electron-to-chromium
2832 silly ADD node_modules/baseline-browser-mapping
2833 silly ADD node_modules/postcss-value-parser
2834 silly ADD node_modules/picocolors
2835 silly ADD node_modules/fraction.js
2836 silly ADD node_modules/caniuse-lite
2837 silly ADD node_modules/browserslist
2838 silly ADD node_modules/csstype
2839 silly ADD node_modules/@types/prop-types
2840 silly ADD node_modules/undici-types
2841 silly ADD node_modules/d3-voronoi
2842 silly ADD node_modules/@types/d3-voronoi
2843 silly ADD node_modules/earcut
2844 silly ADD node_modules/@types/earcut
2845 silly ADD node_modules/fast-deep-equal
2846 silly ADD node_modules/tinyqueue
2847 silly ADD node_modules/robust-predicates
2848 silly ADD node_modules/jsts
2849 silly ADD node_modules/arc
2850 silly ADD node_modules/polyclip-ts
2851 silly ADD node_modules/concaveman
2852 silly ADD node_modules/topojson-server
2853 silly ADD node_modules/topojson-server/node_modules/commander
2854 silly ADD node_modules/topojson-client
2855 silly ADD node_modules/topojson-client/node_modules/commander
2856 silly ADD node_modules/skmeans
2857 silly ADD node_modules/rbush
2858 silly ADD node_modules/d3-geo
2859 silly ADD node_modules/@turf/jsts
2860 silly ADD node_modules/geojson-polygon-self-intersections
2861 silly ADD node_modules/geojson-polygon-self-intersections/node_modules/quickselect
2862 silly ADD node_modules/geojson-polygon-self-intersections/node_modules/rbush
2863 silly ADD node_modules/point-in-polygon-hao
2864 silly ADD node_modules/point-in-polygon-hao/node_modules/robust-predicates
2865 silly ADD node_modules/geojson-equality-ts
2866 silly ADD node_modules/tslib
2867 silly ADD node_modules/@types/kdbush
2868 silly ADD node_modules/@types/geojson
2869 silly ADD node_modules/@turf/voronoi
2870 silly ADD node_modules/@turf/unkink-polygon
2871 silly ADD node_modules/@turf/union
2872 silly ADD node_modules/@turf/truncate
2873 silly ADD node_modules/@turf/triangle-grid
2874 silly ADD node_modules/@turf/transform-translate
2875 silly ADD node_modules/@turf/transform-scale
2876 silly ADD node_modules/@turf/transform-rotate
2877 silly ADD node_modules/@turf/tin
2878 silly ADD node_modules/@turf/tesselate
2879 silly ADD node_modules/@turf/tag
2880 silly ADD node_modules/@turf/standard-deviational-ellipse
2881 silly ADD node_modules/@turf/square-grid
2882 silly ADD node_modules/@turf/square
2883 silly ADD node_modules/@turf/simplify
2884 silly ADD node_modules/@turf/shortest-path
2885 silly ADD node_modules/@turf/sector
2886 silly ADD node_modules/@turf/sample
2887 silly ADD node_modules/@turf/rhumb-distance
2888 silly ADD node_modules/@turf/rhumb-destination
2889 silly ADD node_modules/@turf/rhumb-bearing
2890 silly ADD node_modules/@turf/rewind
2891 silly ADD node_modules/@turf/rectangle-grid
2892 silly ADD node_modules/@turf/random
2893 silly ADD node_modules/@turf/quadrat-analysis
2894 silly ADD node_modules/@turf/projection
2895 silly ADD node_modules/@turf/polygonize
2896 silly ADD node_modules/@turf/polygon-to-line
2897 silly ADD node_modules/@turf/polygon-tangents
2898 silly ADD node_modules/@turf/polygon-smooth
2899 silly ADD node_modules/@turf/points-within-polygon
2900 silly ADD node_modules/@turf/point-to-polygon-distance
2901 silly ADD node_modules/@turf/point-to-line-distance
2902 silly ADD node_modules/@turf/point-on-feature
2903 silly ADD node_modules/@turf/point-grid
2904 silly ADD node_modules/@turf/planepoint
2905 silly ADD node_modules/@turf/nearest-point-to-line
2906 silly ADD node_modules/@turf/nearest-point-on-line
2907 silly ADD node_modules/@turf/nearest-point
2908 silly ADD node_modules/@turf/nearest-neighbor-analysis
2909 silly ADD node_modules/@turf/moran-index
2910 silly ADD node_modules/@turf/midpoint
2911 silly ADD node_modules/@turf/meta
2912 silly ADD node_modules/@turf/mask
2913 silly ADD node_modules/@turf/line-to-polygon
2914 silly ADD node_modules/@turf/line-split
2915 silly ADD node_modules/@turf/line-slice-along
2916 silly ADD node_modules/@turf/line-slice
2917 silly ADD node_modules/@turf/line-segment
2918 silly ADD node_modules/@turf/line-overlap
2919 silly ADD node_modules/@turf/line-offset
2920 silly ADD node_modules/@turf/line-intersect
2921 silly ADD node_modules/@turf/line-chunk
2922 silly ADD node_modules/@turf/line-arc
2923 silly ADD node_modules/@turf/length
2924 silly ADD node_modules/@turf/kinks
2925 silly ADD node_modules/@turf/isolines
2926 silly ADD node_modules/@turf/isobands
2927 silly ADD node_modules/@turf/invariant
2928 silly ADD node_modules/@turf/intersect
2929 silly ADD node_modules/@turf/interpolate
2930 silly ADD node_modules/@turf/hex-grid
2931 silly ADD node_modules/@turf/helpers
2932 silly ADD node_modules/@turf/great-circle
2933 silly ADD node_modules/@turf/geojson-rbush
2934 silly ADD node_modules/@turf/flip
2935 silly ADD node_modules/@turf/flatten
2936 silly ADD node_modules/@turf/explode
2937 silly ADD node_modules/@turf/envelope
2938 silly ADD node_modules/@turf/ellipse
2939 silly ADD node_modules/@turf/distance-weight
2940 silly ADD node_modules/@turf/distance
2941 silly ADD node_modules/@turf/dissolve
2942 silly ADD node_modules/@turf/directional-mean
2943 silly ADD node_modules/@turf/difference
2944 silly ADD node_modules/@turf/destination
2945 silly ADD node_modules/@turf/convex
2946 silly ADD node_modules/@turf/concave
2947 silly ADD node_modules/@turf/combine
2948 silly ADD node_modules/@turf/collect
2949 silly ADD node_modules/@turf/clusters-kmeans
2950 silly ADD node_modules/@turf/clusters-dbscan
2951 silly ADD node_modules/@turf/clusters
2952 silly ADD node_modules/@turf/clone
2953 silly ADD node_modules/@turf/clean-coords
2954 silly ADD node_modules/@turf/circle
2955 silly ADD node_modules/@turf/centroid
2956 silly ADD node_modules/@turf/center-of-mass
2957 silly ADD node_modules/@turf/center-median
2958 silly ADD node_modules/@turf/center-mean
2959 silly ADD node_modules/@turf/center
2960 silly ADD node_modules/@turf/buffer
2961 silly ADD node_modules/@turf/boolean-within
2962 silly ADD node_modules/@turf/boolean-valid
2963 silly ADD node_modules/@turf/boolean-touches
2964 silly ADD node_modules/@turf/boolean-point-on-line
2965 silly ADD node_modules/@turf/boolean-point-in-polygon
2966 silly ADD node_modules/@turf/boolean-parallel
2967 silly ADD node_modules/@turf/boolean-overlap
2968 silly ADD node_modules/@turf/boolean-intersects
2969 silly ADD node_modules/@turf/boolean-equal
2970 silly ADD node_modules/@turf/boolean-disjoint
2971 silly ADD node_modules/@turf/boolean-crosses
2972 silly ADD node_modules/@turf/boolean-contains
2973 silly ADD node_modules/@turf/boolean-concave
2974 silly ADD node_modules/@turf/boolean-clockwise
2975 silly ADD node_modules/@turf/bezier-spline
2976 silly ADD node_modules/@turf/bearing
2977 silly ADD node_modules/@turf/bbox-polygon
2978 silly ADD node_modules/@turf/bbox-clip
2979 silly ADD node_modules/@turf/bbox
2980 silly ADD node_modules/@turf/area
2981 silly ADD node_modules/@turf/angle
2982 silly ADD node_modules/@turf/along
2983 silly ADD node_modules/typescript
2984 silly ADD node_modules/tsx
2985 silly ADD node_modules/tailwindcss
2986 silly ADD node_modules/recharts
2987 silly ADD node_modules/react-leaflet
2988 silly ADD node_modules/react-dom
2989 silly ADD node_modules/react
2990 silly ADD node_modules/next
2991 silly ADD node_modules/next/node_modules/postcss
2992 silly ADD node_modules/leaflet
2993 silly ADD node_modules/postcss
2994 silly ADD node_modules/autoprefixer
2995 silly ADD node_modules/@types/react-dom
2996 silly ADD node_modules/@types/react
2997 silly ADD node_modules/@types/node
2998 silly ADD node_modules/@types/leaflet
2999 silly ADD node_modules/@turf/turf
3000 verbose cwd C:\Users\ADMIN\Documents\Codex\2026-08-30\files-pasted-by-the-user-build-2
3001 verbose os Windows_NT 10.0.26200
3002 verbose node v24.17.0
3003 verbose npm  v11.13.0
3004 notice
3004 notice New major version of npm available! 11.13.0 -> 12.0.2
3004 notice Changelog: https://github.com/npm/cli/releases/tag/v12.0.2
3004 notice To update run: npm install -g npm@12.0.2
3004 notice  { force: true, Symbol(proc-log.meta): true }
3005 verbose exit 0
3006 info ok
